SKU,Description,Active,AssemblyAmount,AssemblyOption,AssemblyTime,BrandID,Category,DeliveryGroup,DiscountEligible,DisplayAvailability,FinancingEligible,FreightGroup,LocalDelivery,Model,MSRP,PowerType,ProductType,PromoName,QtyDanbury,QtyNewMilford,RebateEligible,RebateEndDate,RebateStartDate,RebateToCustomer,SaleEndDate,SalePrice,SaleStartDate,Series,SortOrder,SpecialFinancingEligible,SubCategory,System,Taxable,AllowBackorder,BuyOnlineEligible,MaximumOnLineQty,AvailabilityRequestEligible,ShippingEligible,ShippingRateType,ShipWeight,ShipLength,ShipWidth,ShipHeight,ShippingCarrierRule,ShippingRestriction,ShipsSeparately,WarrantyResidentialUse,WarrantyCommercialUse,WeightLb,WeightKg,Weight,WeightUnit,SpecLabel1,SpecValue1,SpecLabel2,SpecValue2,SpecLabel3,SpecValue3,SpecLabel4,SpecValue4,SpecLabel5,SpecValue5,SpecLabel6,SpecValue6,SpecLabel7,SpecValue7,SpecLabel8,SpecValue8,SpecLabel9,SpecValue9,SpecLabel10,SpecValue10,ImageURL,InventoryURL,ManualURL,ProductURL,Notes
BA08 011 5902 US,STIHL BGA30 Hand-Held Blower,T,0,T,0,STIHL,Blowers,HANDHELD,T,T,T,Handheld,F,BGA 30,119.99,Battery,Tool, ,0,0,T,,,,,,,,36,,Handheld Blower,AS,T,,,,,,,,,,,,,,5-Year Residential Use,3-Year Professional Use,3.4, ,3.4,lb.,Max. Voltage,12 Volts,,,,,Max. Air Velocity,96 mph,Air Volume,253 cfm,Blowing Force,5 Newtons,Sound Level,50 dB(A),,,,,,,,,,,
BA08 011 5912 US,STIHL BGA30 w/2 - AS2 Batteries & AL1 Charger,T,0,T,0,STIHL,Blowers,HANDHELD,T,T,T,Handheld,F,BGA 30,189.99,Battery,Kit, ,0,0,T,,,,,,,,37,,Handheld Blower,AS,T,,,,,,,,,,,,,,5-Year Residential Use,3-Year Professional Use,3.4, ,3.4,lb.,Max. Voltage,12 Volts, ,, ,,Max. Air Velocity,96 mph,Air Volume,253 cfm,Blowing Force,5 Newtons,Sound Level,50 dB(A),,,,,,,,,,,
BA05 011 5901 US,STIHL BGA50.0 Hand-Held Blower,T,0,T,0,STIHL,Blowers,HANDHELD,T,T,T,Handheld,F,BGA 50,179.99,Battery,Tool, ,0,0,T,,,,,,,,38,,Handheld Blower,AK,T,,,,,,,,,,,,,,5-Year Residential Use,3-Year Professional Use,4.9, ,4.9,lb.,Max. Voltage,40 Volts, ,, ,,Max. Air Velocity,123 mph,Air Volume,455 cfm,Blowing Force,11 Newtons,Sound Level,55 dB(A),,,,,,,,,,,
BA05 011 5919 US,STIHL BGA50.0 w/AK20 Battery & AL101 Charger,T,0,T,0,STIHL,Blowers,HANDHELD,T,T,T,Handheld,F,BGA 50,199.99,Battery,Kit, ,0,0,T,,,,,,,,39,,Handheld Blower,AK,T,,,,,,,,,,,,,,5-Year Residential Use,3-Year Professional Use,4.9, ,4.9,lb.,Max. Voltage,40 Volts, ,, ,,Max. Air Velocity,123 mph,Air Volume,455 cfm,Blowing Force,11 Newtons,Sound Level,55 dB(A),,,,,,,,,,,
4523 011 5961 US,STIHL BGA57 Hand-Held Blower,T,0,T,0,STIHL,Blowers,HANDHELD,T,T,T,Handheld,F,BGA 57,179.99,Battery,Tool, ,1,1,T,,,,,,,,40,,Handheld Blower,AK,T,,,,,,,,,,,,,,5-Year Residential Use,3-Year Professional Use,5.1, ,5.1,lb.,Max. Voltage,40 Volts, ,, ,,Max. Air Velocity,123 mph,Air Volume,365 cfm,Blowing Force,9 Newtons,Sound Level,57 dB(A),,,,,,,,,,,
4523 011 5991 US,STIHL BGA57 w/AK20 Battery & AL101 Charger,T,0,T,0,STIHL,Blowers,HANDHELD,T,T,T,Handheld,F,BGA 57,0,Battery,Kit, ,1,1,T,,,,,,,,41,,Handheld Blower,AK,T,,,,,,,,,,,,,,5-Year Residential Use,3-Year Professional Use,5.1, ,5.1,lb.,Max. Voltage,40 Volts, ,, ,,Max. Air Velocity,123 mph,Air Volume,365 cfm,Blowing Force,9 Newtons,Sound Level,57 dB(A),,,,,,,,,,,
BA04 011 5901 US,STIHL BGA60 Hand-Held Blower,T,0,T,0,STIHL,Blowers,HANDHELD,T,T,T,Handheld,F,BGA 60,219.99,Battery,Tool, ,1,1,T,,,,,,,,42,,Handheld Blower,AK,T,,,,,,,,,,,,,,5-Year Residential Use,3-Year Professional Use,5.1, ,5.1,lb.,Max. Voltage,40 Volts, ,, ,,Max. Air Velocity,155 mph,Air Volume,459 cfm,Blowing Force,15 Newtons,Sound Level,56 dB(A),,,,,,,,,,,
BA04 011 5941 US,STIHL BGA60 w/AK30 Battery & AL101 Charger,T,0,T,0,STIHL,Blowers,HANDHELD,T,T,T,Handheld,F,BGA 60,299.99,Battery,Kit,STIHL BGA60 Fall Leaf Blower Sale,1,1,T,,,,2026-12-31,269.99,2026-08-01,,43,,Handheld Blower,AK,T,,,,,,,,,,,,,,5-Year Residential Use,3-Year Professional Use,5.1, ,5.1,lb.,Max. Voltage,40 Volts, ,, ,,Max. Air Velocity,155 mph,Air Volume,459 cfm,Blowing Force,15 Newtons,Sound Level,56 dB(A),,,,,,,,,,,
BA02 011 5901 US,STIHL BGA86 Hand-Held Blower,T,0,T,0,STIHL,Blowers,HANDHELD,T,T,T,Handheld,F,BGA 86,249.99,Battery,Tool, ,1,1,T,,,,,,,,44,,Handheld Blower,AP,T,,,,,,,,,,,,,,5-Year Residential Use,3-Year Professional Use,6.2, ,6.2,lb.,Max. Voltage,40 Volts, ,, ,,Max. Air Velocity,154 mph,Air Volume,458 cfm,Blowing Force,15 Newtons,Sound Level,58 dB(A),,,,,,,,,,,
BA02 211 0000 US,STIHL BGA86 w/AP300S Battery & AL301,T,0,T,0,STIHL,Blowers,HANDHELD,T,T,T,Handheld,F,BGA 86,609.99,Battery,Kit, ,1,1,T,,,,,,,,45,,Handheld Blower,AP,T,,,,,,,,,,,,,,5-Year Residential Use,3-Year Professional Use,6.2, ,6.2,lb.,Max. Voltage,40 Volts, ,, ,,Max. Air Velocity,154 mph,Air Volume,458 cfm,Blowing Force,15 Newtons,Sound Level,58 dB(A),,,,,,,,,,,
BA02 200 0010,STIHL BGA86 w/AP300S Battery & AL301,F,0,T,0,STIHL,Blowers,HANDHELD,T,T,T,Handheld,F,BGA 86,689.99,Battery,Kit, ,1,1,T,,,,,,,,46,,Handheld Blower,AP,T,,,,,,,,,,,,,,5-Year Residential Use,3-Year Professional Use,6.2, ,6.2,lb.,Max. Voltage,40 Volts, ,, ,,Max. Air Velocity,154 mph,Air Volume,458 cfm,Blowing Force,15 Newtons,Sound Level,58 dB(A),,,,,,,,,,,
4866 011 5901 US,STIHL BGA100 Hand-Held Blower,T,0,T,0,STIHL,Blowers,HANDHELD,T,T,T,Handheld,F,BGA 100,479.99,Battery,Tool, ,0,0,T,,,,,,,,47,,Handheld Blower,AP,T,,,,,,,,,,,,,,5-Year Residential Use,3-Year Professional Use,5.5, ,5.5,lb.,Max. Voltage,40 Volts, ,, ,,Max. Air Velocity,167 MPH,Air Volume,484 cfm,Blowing Force,17 Newtons,Sound Level,56 dB(A),,,,,,,,,,,
BA09 011 5901 US,STIHL BGA160 Hand-Held Blower,T,0,T,0,STIHL,Blowers,HANDHELD,T,T,T,Handheld,F,BGA 160,269.99,Battery,Tool, ,0,1,T,,,,,,,,48,,Handheld Blower,AP,T,,,,,,,,,,,,,,5-Year Residential Use,3-Year Professional Use,5.8, ,5.8,lb.,Max. Voltage,40 Volts, ,, ,,Max. Air Velocity,174 mph,Air Volume,570 cfm,Blowing Force,21 Newtons,Sound Level,57 dB(A),,,,,,,,,,,
BA09 011 5910 US,STIHL BGA160 w/AP300S Battery & AL301,T,0,T,0,STIHL,Blowers,HANDHELD,T,T,T,Handheld,F,BGA 160,649.99,Battery,Kit, ,0,1,T,,,,,,,,49,,Handheld Blower,AP,T,,,,,,,,,,,,,,5-Year Residential Use,3-Year Professional Use,5.8, ,5.8,lb.,Max. Voltage,40 Volts, ,, ,,Max. Air Velocity,174 mph,Air Volume,570 cfm,Blowing Force,21 Newtons,Sound Level,57 dB(A),,,,,,,,,,,
BA01 011 5901 US,STIHL BGA200 Hand-Held Blower,T,0,T,0,STIHL,Blowers,HANDHELD,T,T,T,Handheld,F,BGA 200,559.99,Battery,Tool, ,0,0,T,,,,,,,,50,,Handheld Blower,AP,T,,,,,,,,,,,,,,5-Year Residential Use,3-Year Professional Use,7.1, ,7.1,lb.,Max. Voltage,40 Volts, ,, ,,Max. Air Velocity,188 mph,Air Volume,553 cfm,Blowing Force,21 Newtons,Sound Level,60 dB(A),,,,,,,,,,,
BA06 011 5901 US,STIHL BGA250 Hand-Held Blower,T,0,T,0,STIHL,Blowers,HANDHELD,T,T,T,Handheld,F,BGA 250,329.99,Battery,Tool, ,0,0,T,,,,,,,,51,,Handheld Blower,AP,T,,,,,,,,,,,,,,5-Year Residential Use,3-Year Professional Use,5.9, ,5.9,lb.,Max. Voltage,40 Volts, ,, ,,Max. Air Velocity,190 mph,Air Volume,612 cfm,Blowing Force,26 Newtons,Sound Level,59 dB(A),,,,,,,,,,,
BA03 011 5901 US,STIHL BGA300 Back-Pack Blower,T,0,T,0,STIHL,Blowers,HANDHELD,T,T,T,Handheld,F,BGA 300,0,Battery,Tool, ,0,1,T,,,,,,,,52,,Backpack Blower,AR,T,,,,,,,,,,,,,,5-Year Residential Use,3-Year Professional Use,15.4, ,15.4,lb.,Max. Voltage,40 Volts, ,, ,,Max. Air Velocity,192 mph,Air Volume,571 cfm,Blowing Force,26 Newtons,Sound Level,62 dB(A),,,,,,,,,,,
BA03 011 5911 US,STIHL BGA300.1 Back-Pack Blower,T,0,T,0,STIHL,Blowers,HANDHELD,T,T,T,Handheld,F,BGA 300,749.99,Battery,Tool, ,0,0,T,,,,,,,,53,,Backpack Blower,AP,T,,,,,,,,,,,,,,5-Year Residential Use,3-Year Professional Use,15.4, ,15.4,lb.,Max. Voltage,40 Volts, ,, ,,Max. Air Velocity,192 mph,Air Volume,571 cfm,Blowing Force,26 Newtons,Sound Level,62 dB(A),,,,,,,,,,,
BA11 011 5901 US,STIHL BRA200.0 Back-Pack Blower,T,0,T,0,STIHL,Blowers,HANDHELD,T,T,T,Handheld,F,BRA 200,479.99,Battery,Tool, ,0,0,T,,,,,,,,56,,Backpack Blower,AP,T,,,,,,,,,,,,,,,,15.2, ,15.2,lb.,Max. Voltage,40 Volts, ,, ,,Max. Air Velocity,177 mph,Air Volume,527 cfm,Blowing Force,21 Newtons,Sound Level,64 dB(A),,,,,,,,,,,
BA11 011 5931 US,STIHL BRA200.0 w/AP300S Battery & AL301,T,0,T,0,STIHL,Blowers,HANDHELD,T,T,T,Handheld,F,BRA 200,729.99,Battery,Kit, ,0,0,T,,,,,,,,57,,Backpack Blower,AP,T,,,,,,,,,,,,,,,,15.2, ,15.2,lb.,Max. Voltage,40 Volts, ,, ,,Max. Air Velocity,177 mph,Air Volume,527 cfm,Blowing Force,21 Newtons,Sound Level,64 dB(A),,,,,,,,,,,
BA11 011 5921 US,STIHL BRA280.0-B Back-Pack Blower,T,0,T,0,STIHL,Blowers,HANDHELD,T,T,T,Handheld,F,BRA 280,649.99,Battery,Tool, ,0,0,T,,,,,,,,58,,Backpack Blower,AP,T,,,,,,,,,,,,,,,,15.7, ,15.7,lb.,Max. Voltage,40 Volts, ,, ,,Max. Air Velocity,192 mph,Air Volume,571 cfm,Blowing Force,26 Newtons,Sound Level,65 dB(A),,,,,,,,,,,
BA11 011 5951 US,STIHL BRA280.0-B w/2 AP300S Batteries & AL301,T,0,T,0,STIHL,Blowers,HANDHELD,T,T,T,Handheld,F,BRA 280,999.99,Battery,Kit, ,0,0,T,,,,,,,,59,,Backpack Blower,AP,T,,,,,,,,,,,,,,,,15.7, ,15.7,lb.,Max. Voltage,40 Volts, ,, ,,Max. Air Velocity,192 mph,Air Volume,571 cfm,Blowing Force,26 Newtons,Sound Level,65 dB(A),,,,,,,,,,,
BA11 011 5952 US,STIHL BRA280.0-B Set,F,0,T,0,STIHL,Blowers,HANDHELD,T,T,T,Handheld,F,BRA 280,0,Battery,Tool, ,0,0,T,,,,,,,,60,,Backpack Blower,AP,T,,,,,,,,,,,,,,,,15.7, ,15.7,lb.,Max. Voltage,40 Volts, ,, ,,Max. Air Velocity,192 mph,Air Volume,571 cfm,Blowing Force,26 Newtons,Sound Level,65 dB(A),,,,,,,,,,,
BA07 011 5901 US,STIHL BRA500.0 Back-Pack Blower,T,0,T,0,STIHL,Blowers,HANDHELD,T,T,T,Handheld,F,BRA 500,1019.99,Battery,Tool, ,0,0,T,,,,,,,,61,,Backpack Blower,AP,T,,,,,,,,,,,,,,,,22.4, ,22.4,lb.,Max. Voltage,80 Volts, ,, ,,Max. Air Velocity,244 mph,Air Volume,848 cfm,Blowing Force,32 Newtons,Sound Level,64 dB(A),,,,,,,,,,,
BA07 011 5911 US,STIHL BRA600.0 Back-Pack Blower,T,0,T,0,STIHL,Blowers,HANDHELD,T,T,T,Handheld,F,BRA 600,1069.99,Battery,Tool, ,0,0,T,,,,,,,,62,,Backpack Blower,AP,T,,,,,,,,,,,,,,,,22.4, ,22.4,lb.,Max. Voltage,80 Volts, , , ,,Max. Air Velocity,253 mph,Air Volume,883 cfm,Blowing Force,35 Newtons,Sound Level,64 dB(A),,,,,,,,,,,
FA10 011 5701 US,STIHL FSA30.0 Trimmer ,T,0,T,0,STIHL,Trimmers,HANDHELD,T,T,T,Handheld,F,FSA 30,119.99,Battery,Tool, ,0,0,T,,,,,,,,74,,String Trimmer,AS,T,,,,,,,,,,,,,,,,4.6, ,4.6,lb.,Max. Voltage,12 Volts,Mechanical Power,0.13 kW,,,,,,,,, ,,,,,,,,,,,,
FA10 011 5711 US,STIHL FSA30.0 w/AS2 Battery & AL1 Charger,T,0,T,0,STIHL,Trimmers,HANDHELD,T,T,T,Handheld,F,FSA 30,189.99,Battery,Kit, ,0,0,T,,,,,,,,75,,String Trimmer,AS,T,,,,,,,,,,,,,,,,4.6, ,4.6,lb.,Max. Voltage,12 Volts,Mechanical Power,0.13 kW,,,,,,,,,,,,,,,,,,,,,
FA11 011 5701 US,STIHL FSA50.0 Trimmer,T,0,T,0,STIHL,Trimmers,HANDHELD,T,T,T,Handheld,F,FSA 50,0,Battery,Tool, ,0,0,T,,,,,,,,76,,String Trimmer,AK,T,,,,,,,,,,,,,,,,6.4, ,6.4,lb.,Max. Voltage,40 Volts,Mechanical Power,0.3 kW,,,,,,,,,,,,,,,,,,,,,
FA11 011 5711 US,STIHL FSA50.0 w/AK10 Battery & AL101 Charger,T,0,T,0,STIHL,Trimmers,HANDHELD,T,T,T,Handheld,F,FSA 50,219.99,Battery,Kit, ,0,0,T,,,,,,,,77,,String Trimmer,AK,T,,,,,,,,,,,,,,,,6.4, ,6.4,lb.,Max. Voltage,40 Volts,Mechanical Power,0.3 kW,,,,,,,,,,,,,,,,,,,,,
FA04 011 5701 US,STIHL FSA60R Trimmer,T,0,T,0,STIHL,Trimmers,HANDHELD,T,T,T,Handheld,F,FSA 60 R,159.99,Battery,Tool, ,1,1,T,,,,,,,,81,,String Trimmer,AK,T,,,,,,,,,,,,,,,,6.9, ,6.9,lb.,Max. Voltage,40 Volts,Mechanical Power,0.5 kW,,,,,,,,,,,,,,,,,,,,,
FA04 011 5741 US,STIHL FSA60R w/AK20 Battery & AL101 Charger,T,0,T,0,STIHL,Trimmers,HANDHELD,T,T,T,Handheld,F,FSA 60 R,249.99,Battery,Kit, ,1,1,T,,,,,,,,82,,String Trimmer,AK,T,,,,,,,,,,,,,,,,6.9, ,6.9,lb.,Max. Voltage,40 Volts,Mechanical Power,0.5 kW,,,,,,,,,,,,,,,,,,,,,
4852 011 5702 US,STIHL FSA65 Trimmer,T,0,T,0,STIHL,Trimmers,HANDHELD,T,T,T,Handheld,F,FSA 65,209.95,Battery,Tool, ,0,0,T,,,,,,,,83,,String Trimmer,AP,T,,,,,,,,,,,,,,,, , , ,lb.,,,,,,,,,,,,,,,,,,,,,,,,,
FA07 011 5701 US,STIHL FSA70.0R Trimmer,T,0,T,0,STIHL,Trimmers,HANDHELD,T,T,T,Handheld,F,FSA 70 R,239.99,Battery,Tool, ,1,0,T,,,,,,,,84,,String Trimmer,AK,T,,,,,,,,,,,,,,,,7.1, ,7.1,lb.,Max. Voltage,40 Volts,Mechanical Power,0.8 kW,,,,,,,,,,,,,,,,,,,,,
FA07 011 5711 US,STIHL FSA70.0R w/AK20 Battery & AL101,T,0,T,0,STIHL,Trimmers,HANDHELD,T,T,T,Handheld,F,FSA 70 R,329.99,Battery,Kit, ,1,0,T,,,,,,,,85,,String Trimmer,AK,T,,,,,,,,,,,,,,,,7.1, ,7.1,lb.,Max. Voltage,40 Volts,Mechanical Power,0.8 kW,,,,,,,,,,,,,,,,,,,,,
FA08 011 5721 US,STIHL FSA80.0R Trimmer,T,0,T,0,STIHL,Trimmers,HANDHELD,T,T,T,Handheld,F,FSA 80 R,389.99,Battery,Tool, ,0,1,T,,,,,,,,86,,String Trimmer,AK,T,,,,,,,,,,,,,,,,9, ,9,lb.,Max. Voltage,40 Volts,Mechanical Power,0.8 kW,,,,,,,,,,,,,,,,,,,,,
FA08 011 5731 US,STIHL FSA80.0R w/AK20 Battery & AL101,T,0,T,0,STIHL,Trimmers,HANDHELD,T,T,T,Handheld,F,FSA 80 R,469.99,Battery,Kit, ,0,1,T,,,,,,,,87,,String Trimmer,AK,T,,,,,,,,,,,,,,,,9, ,9,lb.,Max. Voltage,40 Volts,Mechanical Power,0.8 kW,,,,,,,,,,,,,,,,,,,,,
FA08 011 5701 US,STIHL FSA80.0 Trimmer ,T,0,T,0,STIHL,Trimmers,HANDHELD,T,T,T,Handheld,F,FSA 80,449.99,Battery,Tool, ,0,0,T,,,,,,,,88,,Brushcutter,AK,T,,,,,,,,,,,,,,,,9, ,9,lb.,Max. Voltage,40 Volts,Mechanical Power,0.8 kW,,,,,,,,,,,,,,,,,,,,,
FA08 011 5711 US,STIHL FSA80.0 w/AK20 Battery & AL101 Charger,T,0,T,0,STIHL,Trimmers,HANDHELD,T,T,T,Handheld,F,FSA 80,529.99,Battery,Kit, ,0,0,T,,,,,,,,89,,Brushcutter,AK,T,,,,,,,,,,,,,,,,9, ,9,lb.,Max. Voltage,40 Volts,Mechanical Power,0.8 kW,,,,,,,,,,,,,,,,,,,,,
FA05 011 5701 US,STIHL FSA86R Trimmer ,T,0,T,0,STIHL,Trimmers,HANDHELD,T,T,T,Handheld,F,FSA 86 R,299.99,Battery,Tool, ,0,0,T,,,,,,,,90,,String Trimmer,AP,T,,,,,,,,,,,,,,,,7.2, ,7.2,lb.,Max. Voltage,40 Volts,Mechanical Power,0.5 kW,,,,,,,,,,,,,,,,,,,,,
FA07 011 5721 US,STIHL FSA110.0R Trimmer ,T,0,T,0,STIHL,Trimmers,HANDHELD,T,T,T,Handheld,F,FSA 110 R,359.99,Battery,Tool, ,0,0,T,,,,,,,,91,,String Trimmer,AP,T,,,,,,,,,,,,,,,,7.3, ,7.3,lb.,Max. Voltage,40 Volts,Mechanical Power,0.8 kW,,,,,,,,,,,,,,,,,,,,,
FA08 200 0006 US,STIHL FSA120.0R Trimmer ,T,0,T,0,STIHL,Trimmers,HANDHELD,T,T,T,Handheld,F,FSA 120 R,409.99,Battery,Tool, ,0,1,T,,,,,,,,92,,String Trimmer,AP,T,,,,,,,,,,,,,,,,9.5, ,9.5,lb.,Max. Voltage,40 Volts,Mechanical Power,0.8 kW,,,,,,,,,,,,,,,,,,,,,
FA08 011 5772 US,STIHL FSA120.0R w/AP300S Battery & AL301,T,0,T,0,STIHL,Trimmers,HANDHELD,T,T,T,Handheld,F,FSA 120 R,779.99,Battery,Kit, ,0,1,T,,,,,,,,94,,String Trimmer,AP,T,,,,,,,,,,,,,,,,9.5, ,9.5,lb.,Max. Voltage,40 Volts,Mechanical Power,0.8 kW,,,,,,,,,,,,,,,,,,,,,
FA08 200 0003 US,STIHL FSA120.0 Trimmer ,T,0,T,0,STIHL,Trimmers,HANDHELD,T,T,T,Handheld,F,FSA 120,0,Battery,Tool, ,0,0,T,,,,,,,,95,,Brushcutter,AP,T,,,,,,,,,,,,,,,,9.9, ,9.9,lb.,Max. Voltage,40 Volts,Mechanical Power,0.8 kW,,,,,,,,,,,,,,,,,,,,,
FA08 011 5761 US,STIHL FSA120.0 w/AP200S Battery & AL301,T,0,T,0,STIHL,Trimmers,HANDHELD,T,T,T,Handheld,F,FSA 120,789.99,Battery,Kit, ,0,0,T,,,,,,,,96,,Brushcutter,AP,T,,,,,,,,,,,,,,,,9.9, ,9.9,lb.,Max. Voltage,40 Volts,Mechanical Power,0.8 kW,,,,,,,,,,,,,,,,,,,,,
FA01 200 0011 US,STIHL FSA135R Trimmer ,T,0,T,0,STIHL,Trimmers,HANDHELD,T,T,T,Handheld,F,FSA 135 R,529.99,Battery,Tool, ,0,1,T,,,,,,,,98,,String Trimmer,AP,T,,,,,,,,,,,,,,,,9.5, ,9.5,lb.,Max. Voltage,40 Volts,Mechanical Power,1.0 kW,,,,,,,,,,,,,,,,,,,,,
FA01 200 0006 US,STIHL FSA135 Trimmer ,T,0,T,0,STIHL,Trimmers,HANDHELD,T,T,T,Handheld,F,FSA 135,579.99,Battery,Tool, ,0,0,T,,,,,,,,99,,Brushcutter,AP,T,,,,,,,,,,,,,,,,10.8, ,10.8,lb.,Max. Voltage,40 Volts,Mechanical Power,1.0 kW,,,,,,,,,,,,,,,,,,,,,
FA03 200 0008 US,STIHL FSA200.0R Trimmer ,T,0,T,0,STIHL,Trimmers,HANDHELD,T,T,T,Handheld,F,FSA 200 R,699.99,Battery,Tool, ,0,0,T,,,,,,,,100,,String Trimmer,AP,T,,,,,,,,,,,,,,,,10.6, ,10.6,lb.,Max. Voltage,40 Volts,Mechanical Power,1.6 Kw,,,,,,,,,,,,,,,,,,,,,
FA03 200 0004 US,STIHL FSA200.0 Trimmer ,T,0,T,0,STIHL,Trimmers,HANDHELD,T,T,T,Handheld,F,FSA 200,749.99,Battery,Tool, ,0,0,T,,,,,,,,101,,Brushcutter,AP,T,,,,,,,,,,,,,,,,12.6, ,12.6,lb.,Max. Voltage,40 Volts,Mechanical Power,1.6 kW,,,,,,,,,,,,,,,,,,,,,
FA09 200 0010 US,STIHL FSA400.0 Trimmer ,T,0,T,0,STIHL,Trimmers,HANDHELD,T,T,T,Handheld,F,FSA 400,809.99,Battery,Tool, ,0,0,T,,,,,,,,102,,Brushcutter,AP,T,,,,,,,,,,,,,,,,15.7, ,15.7,lb.,Max. Voltage,40 Volts,Mechanical Power,2.0 Kw,,,,,,,,,,,,,,,,,,,,,
FA09 200 0011 US,STIHL FSA400.0K Trimmer ,T,0,T,0,STIHL,Trimmers,HANDHELD,T,T,T,Handheld,F,FSA 400 K,809.99,Battery,Tool, ,0,0,T,,,,,,,,103,,Brushcutter,AP,T,,,,,,,,,,,,,,,,15.2, ,15.2,lb.,Max. Voltage,40 Volts,Mechanical Power,2.0 kW,,,,,,,,,,,,,,,,,,,,,
GA01 011 6906 US,STIHL GTA26 Garden Pruner,T,0,T,0,STIHL,Chainsaws,HANDHELD,T,T,T,Handheld,F,GTA 26,119.99,Battery,Tool, ,0,1,T,,,,,,,,106,,Pruning Saw,AS,T,,T,,,,,,,,,,,,,,2.5, ,2.5,lb.,Max. Voltage,12 Volts,Mechanical Power,0.18 kW,Bar Length,4 in.,Max. Cuts Per Charge,70,,,,,,,,,,,,,,,,,
GA01 011 6911 US,STIHL GTA26 w/AS2 Battery & AL1 Charger,T,0,T,0,STIHL,Chainsaws,HANDHELD,T,T,T,Handheld,F,GTA 26,149.99,Battery,Kit, ,1,1,T,,,,,,,,107,,Pruning Saw,AS,T,T,T,10,T,T,AUTO,7,16,8,8,AUTO,LITHIUM_BATTERY,T,,,2.5, ,2.5,lb.,Max. Voltage,12 Volts,Mechanical Power,0.18 kW,Bar Length,4 in.,Max. Cuts Per Charge,70,,,,,,,,,,,,,,,,,
GA05 011 6911 US,STIHL GTA30.0 w/2 - AS2 Batteries & AL5-2,T,0,T,0,STIHL,Chainsaws,HANDHELD,T,T,T,Handheld,F,GTA 30,249.99,Battery,Kit, ,0,1,T,,,,,,,,108,,Pruning Saw,AS,T,,,,,,,,,,,,,,,,3.3, ,3.3,lb.,Max. Voltage,24 Volts,Mechanical Power,0.29 Kw,Bar Length,6 in.,Max. Cuts Per Charge,180,,,,,,,,,,,,,,,,,
GA04 011 6901 US,STIHL GTA40.0 Pruner,T,0,T,0,STIHL,Chainsaws,HANDHELD,T,T,T,Handheld,F,GTA 40,299.99,Battery,Tool, ,0,0,T,,,,,,,,109,,Pruning Saw,AS,T,,,,,,,,,,,,,,,,3, ,3,lb.,Max. Voltage,24 Volts,Mechanical Power,0.41 kW,Bar Length,6 in.,Max. Cuts Per Charge,240,,,,,,,,,,,,,,,,,
GA04 011 6911 US,STIHL GTA40.0 w/2 - AS2 Batteries & AL5-2,T,0,T,0,STIHL,Chainsaws,HANDHELD,T,T,T,Handheld,F,GTA 40,419.99,Battery,Kit, ,1,0,T,,,,,,,,110,,Pruning Saw,AS,T,,,,,,,,,,,,,,,,3, ,3,lb.,Max. Voltage,24 Volts,Mechanical Power,0.41 kW,Bar Length,6 in.,Max. Cuts Per Charge,240,,,,,,,,,,,,,,,,,
HA10 011 2911 US,STIHL HLA40 w/AS2 Battery & AL1 Charger,T,0,T,0,STIHL,Hedge Trimmers,HANDHELD,T,T,T,Handheld,F,HLA 40,199.99,Battery,Kit, ,0,1,T,,,,,,,,115,,Extended-Reach Hedge Trimmer,AS,T,,,,,,,,,,,,,,,, , , ,lb.,,,,,,,,,,,,,,,,,,,,,,,,,
HA01 011 2901 US,STIHL HLA56 Hedge Trimmer,T,0,T,0,STIHL,Hedge Trimmers,HANDHELD,T,T,T,Handheld,F,HLA 56,299.99,Battery,Tool, ,0,1,T,,,,,,,,116,,Extended-Reach Hedge Trimmer,AK,T,,,,,,,,,,,,,,,, , , ,lb.,,,,,,,,,,,,,,,,,,,,,,,,,
HA01 200 0004,STIHL HLA56 w/AK10 Battery & AL101 Charger,T,0,T,0,STIHL,Hedge Trimmers,HANDHELD,T,T,T,Handheld,F,HLA 56,359.99,Battery,Kit, ,0,1,T,,,,,,,,117,,Extended-Reach Hedge Trimmer,AK,T,,,,,,,,,,,,,,,, , , ,lb.,,,,,,,,,,,,,,,,,,,,,,,,,
HA01 200 0037,STIHL HLA56 w/AK20 Battery & AL101 Charger,T,0,T,0,STIHL,Hedge Trimmers,HANDHELD,T,T,T,Handheld,F,HLA 56,449.99,Battery,Kit, ,0,1,T,,,,,,,,118,,Extended-Reach Hedge Trimmer,AK,T,,,,,,,,,,,,,,,, , , ,lb.,,,,,,,,,,,,,,,,,,,,,,,,,
4859 011 2911 US,STIHL HLA66 Hedge Trimmer,T,0,T,0,STIHL,Hedge Trimmers,HANDHELD,T,T,T,Handheld,F,HLA 66,409.99,Battery,Tool, ,0,1,T,,,,,,,,119,,Extended-Reach Hedge Trimmer,AP,T,,,,,,,,,,,,,,,, , , ,lb.,,,,,,,,,,,,,,,,,,,,,,,,,
4859 011 2931 US,STIHL HLA86 Hedge Trimmer,T,0,T,0,STIHL,Hedge Trimmers,HANDHELD,T,T,T,Handheld,F,HLA 86,559.99,Battery,Tool, ,0,1,T,,,,,,,,120,,Extended-Reach Hedge Trimmer,AP,T,,,,,,,,,,,,,,,, , , ,lb.,,,,,,,,,,,,,,,,,,,,,,,,,
HA04 200 0007 US,STIHL HLA135K Hedge Trimmer,T,0,T,0,STIHL,Hedge Trimmers,HANDHELD,T,T,T,Handheld,F,HLA 135 K,0,Battery,Tool, ,0,0,T,,,,,,,,121,,Extended-Reach Hedge Trimmer,AP,T,,,,,,,,,,,,,,,, , , ,lb.,,,,,,,,,,,,,,,,,,,,,,,,,
HA04 200 0008 US,STIHL HLA135K Hedge Trimmer,T,0,T,0,STIHL,Hedge Trimmers,HANDHELD,T,T,T,Handheld,F,HLA 135 K,529.99,Battery,Tool, ,0,0,T,,,,,,,,122,,Extended-Reach Hedge Trimmer,AP,T,,,,,,,,,,,,,,,, , , ,lb.,,,,,,,,,,,,,,,,,,,,,,,,,
HA04 200 0002 US,STIHL HLA135 Hedge Trimmer,T,0,T,0,STIHL,Hedge Trimmers,HANDHELD,T,T,T,Handheld,F,HLA 135,0,Battery,Tool, ,0,1,T,,,,,,,,123,,Extended-Reach Hedge Trimmer,AP,T,,,,,,,,,,,,,,,, , , ,lb.,,,,,,,,,,,,,,,,,,,,,,,,,
HA03 011 3501 US,STIHL HSA26 Garden Shears,T,0,T,0,STIHL,Hedge Trimmers,HANDHELD,T,T,T,Handheld,F,HSA 26,119.99,Battery,Tool, ,0,1,T,,,,,,,,128,,Hedge Trimmer,AS,T,,,,,,,,,,,,,,,, , , ,lb.,,,,,,,,,,,,,,,,,,,,,,,,,
HA03 011 3507 US,STIHL HSA26 w/AS2 Battery & AL1 Charger,T,0,T,0,STIHL,Hedge Trimmers,HANDHELD,T,T,T,Handheld,F,HSA 26,189.99,Battery,Kit, ,1,1,T,,,,,,,,129,,Hedge Trimmer,AS,T,,,,,,,,,,,,,,,, , , ,lb.,,,,,,,,,,,,,,,,,,,,,,,,,
HA08 011 3502 US,"STIHL HSA30.0 - 18"" Hedge Trimmer ",T,0,T,0,STIHL,Hedge Trimmers,HANDHELD,T,T,T,Handheld,F,HSA 30,139.99,Battery,Tool, ,0,0,T,,,,,,,,130,,Hedge Trimmer,AS,T,,,,,,,,,,,,,,,, , , ,lb.,,,,,,,,,,,,,,,,,,,,,,,,,
HA08 011 3509 US,"STIHL HSA30.0 - 18"" w/AS2 Battery & AL1 Charger",T,0,T,0,STIHL,Hedge Trimmers,HANDHELD,T,T,T,Handheld,F,HSA 30,189.99,Battery,Kit, ,0,1,T,,,,,,,,131,,Hedge Trimmer,AS,T,,,,,,,,,,,,,,,, , , ,lb.,,,,,,,,,,,,,,,,,,,,,,,,,
HA08 011 3522 US,"STIHL HSA40.0 - 20"" Hedge Trimmer",T,0,T,0,STIHL,Hedge Trimmers,HANDHELD,T,T,T,Handheld,F,HSA 40,199.99,Battery,Tool, ,0,0,T,,,,,,,,132,,Hedge Trimmer,AS,T,,,,,,,,,,,,,,,, , , ,lb.,,,,,,,,,,,,,,,,,,,,,,,,,
HA08 011 3529 US,"STIHL HSA40.0 - 20"" w/2 - AS2 Batteries & AL1",T,0,T,0,STIHL,Hedge Trimmers,HANDHELD,T,T,T,Handheld,F,HSA 40,229.99,Battery,Kit, ,0,1,T,,,,,,,,133,,Hedge Trimmer,AS,T,,,,,,,,,,,,,,,, , , ,lb.,,,,,,,,,,,,,,,,,,,,,,,,,
4521 011 3561 US,"STIHL HSA50.1 - 20"" Hedge Trimmer",T,0,T,0,STIHL,Hedge Trimmers,HANDHELD,T,T,T,Handheld,F,HSA 50,219.99,Battery,Tool, ,0,1,T,,,,,,,,134,,Hedge Trimmer,AK,T,,,,,,,,,,,,,,,, , , ,lb.,,,,,,,,,,,,,,,,,,,,,,,,,
4521 011 3571 US,"STIHL HSA50.1 - 20"" w/AK10 Battery & AL101",T,0,T,0,STIHL,Hedge Trimmers,HANDHELD,T,T,T,Handheld,F,HSA 50,279.99,Battery,Kit, ,0,1,T,,,,,,,,135,,Hedge Trimmer,AK,T,,,,,,,,,,,,,,,, , , ,lb.,,,,,,,,,,,,,,,,,,,,,,,,,
HA06 011 3501 US,"STIHL HSA60.0 - 24"" Hedge Trimmer",T,0,T,0,STIHL,Hedge Trimmers,HANDHELD,T,T,T,Handheld,F,HSA 60,319.99,Battery,Tool, ,0,1,T,,,,,,,,136,,Hedge Trimmer,AK,T,,,,,,,,,,,,,,,, , , ,lb.,,,,,,,,,,,,,,,,,,,,,,,,,
HA06 011 3541 US,"STIHL HSA60.1 - 24"" w/AK10 Battery & AL101",T,0,T,0,STIHL,Hedge Trimmers,HANDHELD,T,T,T,Handheld,F,HSA 60,409.99,Battery,Kit, ,0,1,T,,,,,,,,137,,Hedge Trimmer,AK,T,,,,,,,,,,,,,,,, , , ,lb.,,,,,,,,,,,,,,,,,,,,,,,,,
4869 011 3505 US,"STIHL HSA94R - 24"" Hedge Trimmer",T,0,T,0,STIHL,Hedge Trimmers,HANDHELD,T,T,T,Handheld,F,HSA 94 R,589.99,Battery,Tool, ,0,0,T,,,,,,,,138,,Hedge Trimmer,AP,T,,,,,,,,,,,,,,,, , , ,lb.,,,,,,,,,,,,,,,,,,,,,,,,,
HA07 011 3531 US,"STIHL HSA100.1 - 24"" Hedge Trimmer",T,0,T,0,STIHL,Hedge Trimmers,HANDHELD,T,T,T,Handheld,F,HSA 100,399.99,Battery,Tool, ,0,1,T,,,,,,,,139,,Hedge Trimmer,AP,T,,,,,,,,,,,,,,,, , , ,lb.,,,,,,,,,,,,,,,,,,,,,,,,,
4869 011 3562 US,"STIHL HSA130.0R - 30"" Hedge Trimmer",T,0,T,0,STIHL,Hedge Trimmers,HANDHELD,T,T,T,Handheld,F,HSA 130 R,639.99,Battery,Tool, ,0,0,T,,,,,,,,140,,Hedge Trimmer,AP,T,,,,,,,,,,,,,,,, , , ,lb.,,,,,,,,,,,,,,,,,,,,,,,,,
4869 011 3568 US,"STIHL HSA130.0T - 30"" Hedge Trimmer",T,0,T,0,STIHL,Hedge Trimmers,HANDHELD,T,T,T,Handheld,F,HSA 130 T,639.99,Battery,Tool, ,0,0,T,,,,,,,,141,,Hedge Trimmer,AP,T,,,,,,,,,,,,,,,, , , ,lb.,,,,,,,,,,,,,,,,,,,,,,,,,
HA02 011 3501 US,"STIHL HSA140.0R - 24"" Hedge Trimmer",T,0,T,0,STIHL,Hedge Trimmers,HANDHELD,T,T,T,Handheld,F,HSA 140 R,699.99,Battery,Tool, ,0,0,T,,,,,,,,142,,Hedge Trimmer,AP,T,,,,,,,,,,,,,,,, , , ,lb.,,,,,,,,,,,,,,,,,,,,,,,,,
HA02 211 0000 US,"STIHL HSA140.0R - 24"" w/AP200S Battery & AL301",T,0,T,0,STIHL,Hedge Trimmers,HANDHELD,T,T,T,Handheld,F,HSA 140 R,1039.99,Battery,Kit, ,0,0,T,,,,,,,,143,,Hedge Trimmer,AP,T,,,,,,,,,,,,,,,, , , ,lb.,,,,,,,,,,,,,,,,,,,,,,,,,
HA02 011 3511 US,"STIHL HSA140.0T - 24"" Hedge Trimmer",T,0,T,0,STIHL,Hedge Trimmers,HANDHELD,T,T,T,Handheld,F,HSA 140 T,699.99,Battery,Tool, ,0,1,T,,,,,,,,144,,Hedge Trimmer,AP,T,,,,,,,,,,,,,,,, , , ,lb.,,,,,,,,,,,,,,,,,,,,,,,,,
HA02 211 0001 US,"STIHL HSA140.0T - 24"" w/AP200S Battery AL301",F,0,T,0,STIHL,Hedge Trimmers,HANDHELD,T,T,T,Handheld,F,HSA 140 T,0,Battery,Kit, ,0,1,T,,,,,,,,145,,Hedge Trimmer,AP,T,,,,,,,,,,,,,,,, , , ,lb.,,,,,,,,,,,,,,,,,,,,,,,,,
HA02 011 3521 US,"STIHL HSA150.0R - 30"" Hedge Trimmer",T,0,T,0,STIHL,Hedge Trimmers,HANDHELD,T,T,T,Handheld,F,HSA 150 R,789.99,Battery,Tool, ,0,0,T,,,,,,,,146,,Hedge Trimmer,AP,T,,,,,,,,,,,,,,,, , , ,lb.,,,,,,,,,,,,,,,,,,,,,,,,,
HA02 211 0002 US,"STIHL HSA150.0R - 30"" w/AP200 Battery & AL301",T,0,T,0,STIHL,Hedge Trimmers,HANDHELD,T,T,T,Handheld,F,HSA 150 R,1099.99,Battery,Kit, ,0,0,T,,,,,,,,147,,Hedge Trimmer,AP,T,,,,,,,,,,,,,,,, , , ,lb.,,,,,,,,,,,,,,,,,,,,,,,,,
HA02 011 3531 US,"STIHL HSA150.0T - 30"" Hedge Trimmer",T,0,T,0,STIHL,Hedge Trimmers,HANDHELD,T,T,T,Handheld,F,HSA 150 T,789.99,Battery,Tool, ,0,0,T,,,,,,,,148,,Hedge Trimmer,AP,T,,,,,,,,,,,,,,,, , , ,lb.,,,,,,,,,,,,,,,,,,,,,,,,,
HA02 211 0003 US,"STIHL HSA150.0T - 30"" w/AP200S Battery & AL301",T,0,T,0,STIHL,Hedge Trimmers,HANDHELD,T,T,T,Handheld,F,HSA 150 T,1099.99,Battery,Kit, ,0,0,T,,,,,,,,149,,Hedge Trimmer,AP,T,,,,,,,,,,,,,,,, , , ,lb.,,,,,,,,,,,,,,,,,,,,,,,,,
HA02 011 3537 US,"STIHL HSA150.0T - 40"" Hedge Trimmer",T,0,T,0,STIHL,Hedge Trimmers,HANDHELD,T,T,T,Handheld,F,HSA 150 T,849.99,Battery,Tool, ,0,0,T,,,,,,,,150,,Hedge Trimmer,AP,T,,,,,,,,,,,,,,,, , , ,lb.,,,,,,,,,,,,,,,,,,,,,,,,,
HA02 211 0004 US,"STIHL HSA150.0T - 40"" w/AP200S Battery & AL301",T,0,T,0,STIHL,Hedge Trimmers,HANDHELD,T,T,T,Handheld,F,HSA 150 T,1129.99,Battery,Kit, ,0,0,T,,,,,,,,151,,Hedge Trimmer,AP,T,,,,,,,,,,,,,,,, , , ,lb.,,,,,,,,,,,,,,,,,,,,,,,,,
LA05 011 6426 US,STIHL HTA30.0 Pole Pruner Set,F,0,T,0,STIHL,Pole Pruners,HANDHELD,T,T,T,Handheld,F,HTA 30,0,Battery,Tool, ,0,0,T,,,,,,,,154,,Pole Pruner,AS,T,,,,,,,,,,,,,,,, , , ,lb.,,,,,,,,,,,,,,,,,,,,,,,,,
LA02 011 6401 US,STIHL HTA50.0 Pole Pruner,T,0,T,0,STIHL,Pole Pruners,HANDHELD,T,T,T,Handheld,F,HTA 50,239.99,Battery,Tool, ,0,1,T,,,,,,,,155,,Pole Pruner,AK,T,,,,,,,,,,,,,,,, , , ,lb.,,,,,,,,,,,,,,,,,,,,,,,,,
LA02 200 0018,STIHL HTA50 w/AK20 Battery & AL101 Charger,T,0,T,0,STIHL,Pole Pruners,HANDHELD,T,T,T,Handheld,F,HTA 50,429.99,Battery,Kit, ,0,1,T,,,,,,,,156,,Pole Pruner,AK,T,,,,,,,,,,,,,,,, , , ,lb.,,,,,,,,,,,,,,,,,,,,,,,,,
LA03 011 6411 US,STIHL HTA66 Pole Pruner,T,0,T,0,STIHL,Pole Pruners,HANDHELD,T,T,T,Handheld,F,HTA 66,399.99,Battery,Tool, ,0,0,T,,,,,,,,157,,Pole Pruner,AP,T,,,,,,,,,,,,,,,, , , ,lb.,,,,,,,,,,,,,,,,,,,,,,,,,
LA03 011 6431 US,STIHL HTA86 Pole Pruner,T,0,T,0,STIHL,Pole Pruners,HANDHELD,T,T,T,Handheld,F,HTA 86,609.99,Battery,Tool, ,0,1,T,,,,,,,,158,,Pole Pruner,AP,T,,,,,,,,,,,,,,,, , , ,lb.,,,,,,,,,,,,,,,,,,,,,,,,,
LA01 200 0001 US,STIHL HTA135 Pole Pruner,T,0,T,0,STIHL,Pole Pruners,HANDHELD,T,T,T,Handheld,F,HTA 135,689.99,Battery,Tool, ,0,0,T,,,,,,,,159,,Pole Pruner,AP,T,,,,,,,,,,,,,,,, , , ,lb.,,,,,,,,,,,,,,,,,,,,,,,,,
LA01 200 0024 US,STIHL HTA150.0 Pole Pruner,T,0,T,0,STIHL,Pole Pruners,HANDHELD,T,T,T,Handheld,F,HTA 150,719.99,Battery,Tool, ,0,0,T,,,,,,,,160,,Pole Pruner,AP,T,,,,,,,,,,,,,,,, , , ,lb.,,,,,,,,,,,,,,,,,,,,,,,,,
LA01 200 0018 US,STIHL HTA160.0 Pole Pruner,F,0,T,0,STIHL,Pole Pruners,HANDHELD,T,T,T,Handheld,F,HTA 160,0,Battery,Tool, ,0,0,T,,,,,,,,161,,Pole Pruner,AP,T,,,,,,,,,,,,,,,, , , ,lb.,,,,,,,,,,,,,,,,,,,,,,,,,
4860 011 4707 US,STIHL KGA770.0 Sweeper,T,0,T,0,STIHL,Sweepers,HANDHELD,T,T,T,Handheld,F,KGA 770,1039.99,Battery,Tool, ,0,0,T,,,,,,,,164,,Sweeper,AP,T,,,,,,,,,,,,,,,, , , ,lb.,,,,,,,,,,,,,,,,,,,,,,,,,
FA08 011 6801 US,STIHL KMA80.0R KombiMotor ,T,0,T,0,STIHL,KombiSystem,HANDHELD,T,T,T,Handheld,F,KMA 80 R,239.99,Battery,Tool, ,0,1,T,,,,,,,,167,,KombiMotor,AK,T,,,,,,,,,,,,,,,, , , ,lb.,,,,,,,,,,,,,,,,,,,,,,,,,
FA08 011 6810 US,STIHL KMA80.0R w/AK30 Battery & AL101,T,0,T,0,STIHL,KombiSystem,HANDHELD,T,T,T,Handheld,F,KMA 80 R,379.99,Battery,Kit, ,0,1,T,,,,,,,,168,,KombiMotor,AK,T,,,,,,,,,,,,,,,, , , ,lb.,,,,,,,,,,,,,,,,,,,,,,,,,
FA08 011 6811 US,"STIHL KMA80.0R w/FS-KM, AK30 & AL101",T,0,T,0,STIHL,KombiSystem,HANDHELD,T,T,T,Handheld,F,KMA 80 R,429.99,Battery,Kit, ,0,1,T,,,,,,,,169,,KombiMotor,AK,T,,,,,,,,,,,,,,,, , , ,lb.,,,,,,,,,,,,,,,,,,,,,,,,,
FA08 011 6821 US,STIHL KMA120.0R KombiMotor ,T,0,T,0,STIHL,KombiSystem,HANDHELD,T,T,T,Handheld,F,KMA 120 R,359.99,Battery,Tool, ,0,1,T,,,,,,,,170,,KombiMotor,AP,T,,,,,,,,,,,,,,,, , , ,lb.,,,,,,,,,,,,,,,,,,,,,,,,,
FA08 011 6833 US,STIHL KMA120.0R w/AP300S Battery & AL301,T,0,T,0,STIHL,KombiSystem,HANDHELD,T,T,T,Handheld,F,KMA 120 R,869.99,Battery,Kit, ,0,1,T,,,,,,,,171,,KombiMotor,AP,T,,,,,,,,,,,,,,,, , , ,lb.,,,,,,,,,,,,,,,,,,,,,,,,,
FA02 011 6801 US,STIHL KMA135R KombiMotor ,T,0,T,0,STIHL,KombiSystem,HANDHELD,T,T,T,Handheld,F,KMA 135 R,439.99,Battery,Tool, ,0,1,T,,,,,,,,172,,KombiMotor,AP,T,,,,,,,,,,,,,,,, , , ,lb.,,,,,,,,,,,,,,,,,,,,,,,,,
FA03 011 6801 US,STIHL KMA200R KombiMotor ,T,0,T,0,STIHL,KombiSystem,HANDHELD,T,T,T,Handheld,F,KMA 200 R,579.99,Battery,Tool, ,0,0,T,,,,,,,,173,,KombiMotor,AP,T,,,,,,,,,,,,,,,, , , ,lb.,,,,,,,,,,,,,,,,,,,,,,,,,
SA06 011 8201 US,STIHL KOA20 Battery Air Inflator,T,0,T,0,STIHL,Inflators,HANDHELD,T,T,T,Handheld,F,KOA 20,119.99,Battery,Tool, ,0,0,T,,,,,,,,176,,Air Inflater,AS,T,,,,,,,,,,,,,,,, , , ,lb.,,,,,,,,,,,,,,,,,,,,,,,,,
SA06 011 8211 US,STIHL KOA20 w/AS2 Battery & AL1 Charger,T,0,T,0,STIHL,Inflators,HANDHELD,T,T,T,Handheld,F,KOA 20,199.99,Battery,Kit, ,0,1,T,,,,,,,,177,,Air Inflater,AS,T,,,,,,,,,,,,,,,, , , ,lb.,,,,,,,,,,,,,,,,,,,,,,,,,
MA04 011 5801 US,"STIHL MSA60.0C-B Chainsaw w/12""",T,0,T,0,STIHL,Chainsaws,HANDHELD,T,T,T,Handheld,F,MSA 60 C-B,0,Battery,Tool, ,1,1,T,,,,,,,,180,,Chainsaw,AK,T,,,,,,,,,,,,,,,, , , ,lb.,,,,,,,,,,,,,,,,,,,,,,,,,
MA04 011 5861 US,"STIHL MSA60.0C-B Chainsaw w/12""",T,0,T,0,STIHL,Chainsaws,HANDHELD,T,T,T,Handheld,F,MSA 60 C-B,0,Battery,Tool, ,1,1,T,,,,,,,,181,,Chainsaw,AK,T,,,,,,,,,,,,,,,, , , ,lb.,,,,,,,,,,,,,,,,,,,,,,,,,
MA04 011 5867 US,STIHL MSA60.0C-B w/AK20 Battery & AL101,T,0,T,0,STIHL,Chainsaws,HANDHELD,T,T,T,Handheld,F,MSA 60 C-B,349.99,Battery,Kit, ,1,1,T,,,,,,,,182,,Chainsaw,AK,T,,,,,,,,,,,,,,,, , , ,lb.,,,,,,,,,,,,,,,,,,,,,,,,,
MA04 011 5817 US,"STIHL MSA70.0C-B Chainsaw w/12""",T,0,T,0,STIHL,Chainsaws,HANDHELD,T,T,T,Handheld,F,MSA 70 C-B,349.99,Battery,Tool, ,1,1,T,,,,,,,,183,,Chainsaw,AK,T,,,,,,,,,,,,,,,, , , ,lb.,,,,,,,,,,,,,,,,,,,,,,,,,
MA04 011 5877 US,"STIHL MSA70.0C-B Chainsaw w/12""",T,0,T,0,STIHL,Chainsaws,HANDHELD,T,T,T,Handheld,F,MSA 70 C-B,379.99,Battery,Tool, ,1,1,T,,,,,,,,184,,Chainsaw,AK,T,,,,,,,,,,,,,,,, , , ,lb.,,,,,,,,,,,,,,,,,,,,,,,,,
MA04 011 5883 US,STIHL MSA70.0C-B w/AK30 Battery & AL101,T,0,T,0,STIHL,Chainsaws,HANDHELD,T,T,T,Handheld,F,MSA 70 C-B,399.99,Battery,Kit, ,1,1,T,,,,,,,,185,,Chainsaw,AK,T,,,,,,,,,,,,,,,, , , ,lb.,,,,,,,,,,,,,,,,,,,,,,,,,
MA04 011 5845 US,"STIHL MSA80.0C-B Chainsaw w/14""",T,0,T,0,STIHL,Chainsaws,HANDHELD,T,T,T,Handheld,F,MSA 80 C-B,429.99,Battery,Tool, ,0,1,T,,,,,,,,186,,Chainsaw,AK,T,,,,,,,,,,,,,,,, , , ,lb.,,,,,,,,,,,,,,,,,,,,,,,,,
MA04 011 5835 US,STIHL MSA80.0C-B w/AK30S Battery & AL101,T,0,T,0,STIHL,Chainsaws,HANDHELD,T,T,T,Handheld,F,MSA 80 C-B,499.99,Battery,Kit,STIHL MSA80C-B Fall Chain Saw Sale,0,1,T,,,,2026-12-31,449.99,2026-08-01,,187,,Chainsaw,AK,T,,,,,,,,,,,,,,,, , , ,lb.,,,,,,,,,,,,,,,,,,,,,,,,,
1254 011 5871 US,STIHL MSA120C-BQ Chainsaw,T,0,T,0,STIHL,Chainsaws,HANDHELD,T,T,T,Handheld,F,MSA 120 C-BQ,299.99,Battery,Tool, ,0,0,T,,,,,,,,188,,Chainsaw,AK,T,,,,,,,,,,,,,,,, , , ,lb.,,,,,,,,,,,,,,,,,,,,,,,,,
MA03 200 0002,"STIHL MSA160C-B Chainsaw w/12""",T,0,T,0,STIHL,Chainsaws,HANDHELD,T,T,T,Handheld,F,MSA 160 C- B,399.99,Battery,Tool, ,0,0,T,,,,,,,,189,,Chainsaw,AP,T,,,,,,,,,,,,,,,, , , ,lb.,,,,,,,,,,,,,,,,,,,,,,,,,
MA03 200 0044,"STIHL MSA160C-B Chainsaw w/14""",T,0,T,0,STIHL,Chainsaws,HANDHELD,T,T,T,Handheld,F,MSA 160 C- B,409.99,Battery,Tool, ,0,0,T,,,,,,,,190,,Chainsaw,AP,T,,,,,,,,,,,,,,,, , , ,lb.,,,,,,,,,,,,,,,,,,,,,,,,,
MA03 200 0008,"STIHL MSA200.0C-B Saw w/12"" Light",T,0,T,0,STIHL,Chainsaws,HANDHELD,T,T,T,Handheld,F,MSA 200 C-B,399.99,Battery,Tool, ,0,0,T,,,,,,,,191,,Chainsaw,AP,T,,,,,,,,,,,,,,,, , , ,lb.,,,,,,,,,,,,,,,,,,,,,,,,,
MA03 200 0007,"STIHL MSA200.0C-B Saw w/14"" Light",T,0,T,0,STIHL,Chainsaws,HANDHELD,T,T,T,Handheld,F,MSA 200 C-B,409.99,Battery,Tool, ,0,1,T,,,,,,,,192,,Chainsaw,AP,T,,,,,,,,,,,,,,,, , , ,lb.,,,,,,,,,,,,,,,,,,,,,,,,,
MA03 200 0043,"STIHL MSA200.0C-B Saw w/16"" Light",T,0,T,0,STIHL,Chainsaws,HANDHELD,T,T,T,Handheld,F,MSA 200 C-B,419.99,Battery,Tool, ,0,0,T,,,,,,,,193,,Chainsaw,AP,T,,,,,,,,,,,,,,,, , , ,lb.,,,,,,,,,,,,,,,,,,,,,,,,,
MA03 200 0015,"STIHL MSA220.0C-B Saw w/14"" Light",T,0,T,0,STIHL,Chainsaws,HANDHELD,T,T,T,Handheld,F,MSA 220 C-B,439.99,Battery,Tool, ,0,0,T,,,,,,,,194,,Chainsaw,AP,T,,,,,,,,,,,,,,,, , , ,lb.,,,,,,,,,,,,,,,,,,,,,,,,,
MA03 200 0014,"STIHL MSA220.0C-B Saw w/16"" Light",T,0,T,0,STIHL,Chainsaws,HANDHELD,T,T,T,Handheld,F,MSA 220 C-B,449.99,Battery,Tool, ,0,1,T,,,,,,,,195,,Chainsaw,AP,T,,,,,,,,,,,,,,,, , , ,lb.,,,,,,,,,,,,,,,,,,,,,,,,,
MA03 200 0016,"STIHL MSA220.0C-B Saw w/18"" Light",T,0,T,0,STIHL,Chainsaws,HANDHELD,T,T,T,Handheld,F,MSA 220 C-B,459.99,Battery,Tool, ,0,1,T,,,,,,,,196,,Chainsaw,AP,T,,,,,,,,,,,,,,,, , , ,lb.,,,,,,,,,,,,,,,,,,,,,,,,,
MA06 200 0001 US,"STIHL MSA260 C-O Saw w/14"" Bar",T,0,T,0,STIHL,Chainsaws,HANDHELD,T,T,T,Handheld,F,MSA 260 C-O,0,Battery,Tool, ,0,0,T,,,,,,,,197,,Chainsaw,AP,T,,,,,,,,,,,,,,,, , , ,lb.,,,,,,,,,,,,,,,,,,,,,,,,,
MA06 200 0026 US,"STIHL MSA260 C-O Saw w/16"" Bar",T,0,T,0,STIHL,Chainsaws,HANDHELD,T,T,T,Handheld,F,MSA 260 C-O,0,Battery,Tool, ,0,0,T,,,,,,,,198,,Chainsaw,AP,T,,,,,,,,,,,,,,,, , , ,lb.,,,,,,,,,,,,,,,,,,,,,,,,,
MA06 200 0025 US,"STIHL MSA260 C-O Saw w/18"" Bar",T,0,T,0,STIHL,Chainsaws,HANDHELD,T,T,T,Handheld,F,MSA 260 C-O,0,Battery,Tool, ,0,0,T,,,,,,,,199,,Chainsaw,AP,T,,,,,,,,,,,,,,,, , , ,lb.,,,,,,,,,,,,,,,,,,,,,,,,,
MA02 200 0058,"STIHL MSA300 Saw w/16"" Light",T,0,T,0,STIHL,Chainsaws,HANDHELD,T,T,T,Handheld,F,MSA 300,859.99,Battery,Tool, ,0,0,T,,,,,,,,200,,Chainsaw,AP,T,,,,,,,,,,,,,,,, , , ,lb.,,,,,,,,,,,,,,,,,,,,,,,,,
MA02 200 0059,"STIHL MSA300 Saw w/18"" Light",T,0,T,0,STIHL,Chainsaws,HANDHELD,T,T,T,Handheld,F,MSA 300,869.99,Battery,Tool, ,0,0,T,,,,,,,,201,,Chainsaw,AP,T,,,,,,,,,,,,,,,, , , ,lb.,,,,,,,,,,,,,,,,,,,,,,,,,
MA02 200 0060,"STIHL MSA300 Saw w/20"" Light",T,0,T,0,STIHL,Chainsaws,HANDHELD,T,T,T,Handheld,F,MSA 300,879.99,Battery,Tool, ,0,1,T,,,,,,,,202,,Chainsaw,AP,T,,,,,,,,,,,,,,,, , , ,lb.,,,,,,,,,,,,,,,,,,,,,,,,,
1252 200 0048,"STIHL MSA161T Saw w/12""",T,0,T,0,STIHL,Chainsaws,HANDHELD,T,T,T,Handheld,F,MSA 161 T,329.99,Battery,Tool, ,0,0,T,,,,,,,,208,,In-Tree Chainsaw,AP,T,,,,,,,,,,,,,,,, , , ,lb.,,,,,,,,,,,,,,,,,,,,,,,,,
MA05 200 0017,"STIHL MSA190.0T Saw w/12"" Light",T,0,T,0,STIHL,Chainsaws,HANDHELD,T,T,T,Handheld,F,MSA 190 T,399.99,Battery,Tool, ,0,0,T,,,,,,,,209,,In-Tree Chainsaw,AP,T,,,,,,,,,,,,,,,, , , ,lb.,,,,,,,,,,,,,,,,,,,,,,,,,
MA05 200 0014,STIHL MSA190.0T,T,0,T,0,STIHL,Chainsaws,HANDHELD,T,T,T,Handheld,F,MSA 190 T,409.99,Battery,Tool, ,0,0,T,,,,,,,,210,,In-Tree Chainsaw,AP,T,,,,,,,,,,,,,,,, , , ,lb.,,,,,,,,,,,,,,,,,,,,,,,,,
MA05 200 0018,"STIHL MSA190.0T Saw w/14"" Light",T,0,T,0,STIHL,Chainsaws,HANDHELD,T,T,T,Handheld,F,MSA 190 T,409.99,Battery,Tool, ,0,0,T,,,,,,,,211,,In-Tree Chainsaw,AP,T,,,,,,,,,,,,,,,, , , ,lb.,,,,,,,,,,,,,,,,,,,,,,,,,
MA01 200 0056,"STIHL MSA220TC-O Saw w/12""",T,0,T,0,STIHL,Chainsaws,HANDHELD,T,T,T,Handheld,F,MSA 220 TC-O,449.99,Battery,Tool, ,0,0,T,,,,,,,,212,,In-Tree Chainsaw,AP,T,,,,,,,,,,,,,,,, , , ,lb.,,,,,,,,,,,,,,,,,,,,,,,,,
MA01 200 0033,"STIHL MSA220TC-O Saw w/12""",T,0,T,0,STIHL,Chainsaws,HANDHELD,T,T,T,Handheld,F,MSA 220 TC-O,449.99,Battery,Tool, ,0,0,T,,,,,,,,213,,In-Tree Chainsaw,AP,T,,,,,,,,,,,,,,,, , , ,lb.,,,,,,,,,,,,,,,,,,,,,,,,,
MA01 200 0034,"STIHL MSA220TC-O Saw w/12"" Light",T,0,T,0,STIHL,Chainsaws,HANDHELD,T,T,T,Handheld,F,MSA 220 TC-O,469.99,Battery,Tool, ,0,0,T,,,,,,,,214,,In-Tree Chainsaw,AP,T,,,,,,,,,,,,,,,, , , ,lb.,,,,,,,,,,,,,,,,,,,,,,,,,
MA01 200 0057,"STIHL MSA220TC-O Saw w/14""",T,0,T,0,STIHL,Chainsaws,HANDHELD,T,T,T,Handheld,F,MSA 220 TC-O,459.99,Battery,Tool, ,0,0,T,,,,,,,,215,,In-Tree Chainsaw,AP,T,,,,,,,,,,,,,,,, , , ,lb.,,,,,,,,,,,,,,,,,,,,,,,,,
MA01 200 0014,"STIHL MSA220TC-O Saw w/14""",T,0,T,0,STIHL,Chainsaws,HANDHELD,T,T,T,Handheld,F,MSA 220 TC-O,459.99,Battery,Tool, ,0,0,T,,,,,,,,216,,In-Tree Chainsaw,AP,T,,,,,,,,,,,,,,,, , , ,lb.,,,,,,,,,,,,,,,,,,,,,,,,,
MA01 200 0035,"STIHL MSA220TC-O Saw w/14"" Light",T,0,T,0,STIHL,Chainsaws,HANDHELD,T,T,T,Handheld,F,MSA 220 TC-O,479.99,Battery,Tool, ,0,1,T,,,,,,,,217,,In-Tree Chainsaw,AP,T,,,,,,,,,,,,,,,, , , ,lb.,,,,,,,,,,,,,,,,,,,,,,,,,
MA01 200 0058,"STIHL MSA220TC-O Saw w/16""",T,0,T,0,STIHL,Chainsaws,HANDHELD,T,T,T,Handheld,F,MSA 220 TC-O,469.99,Battery,Tool, ,0,0,T,,,,,,,,218,,In-Tree Chainsaw,AP,T,,,,,,,,,,,,,,,, , , ,lb.,,,,,,,,,,,,,,,,,,,,,,,,,
MA01 200 0016,"STIHL MSA220TC-O Saw w/16""",T,0,T,0,STIHL,Chainsaws,HANDHELD,T,T,T,Handheld,F,MSA 220 TC-O,469.99,Battery,Tool, ,0,0,T,,,,,,,,219,,In-Tree Chainsaw,AP,T,,,,,,,,,,,,,,,, , , ,lb.,,,,,,,,,,,,,,,,,,,,,,,,,
MA01 200 0036,"STIHL MSA220TC-O Saw w/16"" Light",T,0,T,0,STIHL,Chainsaws,HANDHELD,T,T,T,Handheld,F,MSA 220 TC-O,489.99,Battery,Tool, ,0,0,T,,,,,,,,220,,In-Tree Chainsaw,AP,T,,,,,,,,,,,,,,,, , , ,lb.,,,,,,,,,,,,,,,,,,,,,,,,,
GA08 011 8001 US,"STIHL PS1.0 Power Bank, Charger, LED Flashlight",T,0,T,0,STIHL,Power Supply,HANDHELD,T,T,T,Handheld,F,PS 1,59.99,Battery,Tool, ,0,0,T,,,,,,,,223,,Power Station,AS,T,,,,,,,,,,,,,,,, , , ,lb.,,,,,,,,,,,,,,,,,,,,,,,,,
GA09 811 8001 US,STIHL PS2000 120V Power Station,T,0,T,0,STIHL,Power Supply,HANDHELD,T,T,T,Handheld,F,PS 2000,0,Battery,Tool, ,0,0,T,,,,,,,,224,,Power Station,Electric,T,,,,,,,,,,,,,,,, , , ,lb.,,,,,,,,,,,,,,,,,,,,,,,,,
RA02 011 7601 US,STIHL RCA20 Handheld Washer,T,0,T,0,STIHL,Pressure Washers,HANDHELD,T,T,T,Handheld,F,RCA 20,209.99,Battery,Tool, ,0,0,T,,,,,,,,227,,Pressure Washer,AS,T,,,,,,,,,,,,,,,, , , ,lb.,,,,,,,,,,,,,,,,,,,,,,,,,
RA02 011 7611 US,STIHL RCA20 w/2 - AS2 Battery & AL1 Charger,T,0,T,0,STIHL,Pressure Washers,HANDHELD,T,T,T,Handheld,F,RCA 20,279.99,Battery,Kit, ,0,0,T,,,,,,,,228,,Pressure Washer,AS,T,,,,,,,,,,,,,,,, , , ,lb.,,,,,,,,,,,,,,,,,,,,,,,,,
RA01 011 7603 US,STIHL REA60 Plus Pressure Washer,T,0,T,0,STIHL,Pressure Washers,HANDHELD,T,T,T,Handheld,F,REA 60,299.99,Battery,Tool, ,0,1,T,,,,,,,,231,,Pressure Washer,AK,T,,,,,,,,,,,,,,,, , , ,lb.,,,,,,,,,,,,,,,,,,,,,,,,,
RA01 011 7623 US,STIHL REA60 Plus w/AK30S Battery & AL101,T,0,T,0,STIHL,Pressure Washers,HANDHELD,T,T,T,Handheld,F,REA 60,489.99,Battery,Kit, ,0,1,T,,,,,,,,232,,Pressure Washer,AK,T,,,,,,,,,,,,,,,, , , ,lb.,,,,,,,,,,,,,,,,,,,,,,,,,
RA01 011 7613 US,STIHL REA100 Plus Pressure Washer,T,0,T,0,STIHL,Pressure Washers,HANDHELD,T,T,T,Handheld,F,FA 100,0,Battery,Tool, ,0,1,T,,,,,,,,233,,Pressure Washer,AP,T,,,,,,,,,,,,,,,, , , ,lb.,,,,,,,,,,,,,,,,,,,,,,,,,
RA01 011 7633 US,STIHL REA100 Plus w/AP300S Battery & AL301,T,0,T,0,STIHL,Pressure Washers,HANDHELD,T,T,T,Handheld,F,REA 100,749.99,Battery,Kit, ,0,1,T,,,,,,,,234,,Pressure Washer,AP,T,,,,,,,,,,,,,,,, , , ,lb.,,,,,,,,,,,,,,,,,,,,,,,,,
WA31 011 1400 US,STIHL RMA348.0 Walk-Behind Mower,T,0,T,0,STIHL,Lawn Mowers,WALKBEHIND,T,T,T,Handheld,T,RMA 348,299.99,Battery,Tool, ,0,0,T,,,,,,,,237,,Walk-Behind Mower,AK,T,,,,,,,,,,,,,,,, , , ,lb.,,,,,,,,,,,,,,,,,,,,,,,,,
WA31 211 0000 US,STIHL RMA348.0 w/AK30S Battery & AL101 Charger,T,0,T,0,STIHL,Lawn Mowers,WALKBEHIND,T,T,T,Handheld,T,RMA 348,399.99,Battery,Kit, ,0,0,T,,,,,,,,238,,Walk-Behind Mower,AL,T,,,,,,,,,,,,,,,, , , ,lb.,,,,,,,,,,,,,,,,,,,,,,,,,
WA31 011 1420 US,STIHL RMA348.0V Walk-Behind Mower,T,0,T,0,STIHL,Lawn Mowers,WALKBEHIND,T,T,T,Handheld,T,RMA 348 V,349.99,Battery,Tool, ,0,0,T,,,,,,,,239,,Walk-Behind Mower,AL,T,,,,,,,,,,,,,,,, , , ,lb.,,,,,,,,,,,,,,,,,,,,,,,,,
WA31 211 0001 US,STIHL RMA348.0V w/AK30S Battery & AL101,T,0,T,0,STIHL,Lawn Mowers,WALKBEHIND,T,T,T,Handheld,T,RMA 348 V,449.99,Battery,Kit, ,0,0,T,,,,,,,,240,,Walk-Behind Mower,AL,T,,,,,,,,,,,,,,,, , , ,lb.,,,,,,,,,,,,,,,,,,,,,,,,,
WA41 011 1450 US,STIHL RMA448V Walk-Behind Mower,T,0,T,0,STIHL,Lawn Mowers,WALKBEHIND,T,T,T,Handheld,T,RMA 448 V,599.99,Battery,Tool, ,0,0,T,,,,,,,,241,,Walk-Behind Mower,AL,T,,,,,,,,,,,,,,,, , , ,lb.,,,,,,,,,,,,,,,,,,,,,,,,,
WA41 211 0000 US,STIHL RMA448V w/AK30S Battery & AL101 Charger,T,0,T,0,STIHL,Lawn Mowers,WALKBEHIND,T,T,T,Handheld,T,RMA 448 V,699.99,Battery,Kit, ,0,0,T,,,,,,,,242,,Walk-Behind Mower,AL,T,,,,,,,,,,,,,,,, , , ,lb.,,,,,,,,,,,,,,,,,,,,,,,,,
WA42 011 1430 US,STIHL RMA453PV Walk-Behind Mower,T,0,T,0,STIHL,Lawn Mowers,WALKBEHIND,T,T,T,Handheld,T,RMA 453 PV,899.99,Battery,Tool, ,0,0,T,,,,,,,,243,,Walk-Behind Mower,AP,T,,,,,,,,,,,,,,,, , , ,lb.,,,,,,,,,,,,,,,,,,,,,,,,,
WA42 211 0000 US,STIHL RMA453PV w/AP300S Battery & AL301,T,0,T,0,STIHL,Lawn Mowers,WALKBEHIND,T,T,T,Handheld,T,RMA 453 PV,1199.99,Battery,Kit, ,0,0,T,,,,,,,,244,,Walk-Behind Mower,AP,T,,,,,,,,,,,,,,,, , , ,lb.,,,,,,,,,,,,,,,,,,,,,,,,,
6368 011 1410 US,STIHL RMA460V Walk-Behind Mower,T,0,T,0,STIHL,Lawn Mowers,WALKBEHIND,T,T,T,Handheld,T,RMA 460 V,0,Battery,Tool, ,0,0,T,,,,,,,,245,,Walk-Behind Mower,AK,T,,,,,,,,,,,,,,,, , , ,lb.,,,,,,,,,,,,,,,,,,,,,,,,,
6372 011 1400 US,STIHL RMA510 Walk-Behind Mower,T,0,T,0,STIHL,Lawn Mowers,WALKBEHIND,T,T,T,Handheld,T,RMA 510,329.99,Battery,Tool, ,0,0,T,,,,,,,,246,,Walk-Behind Mower,AP,T,,,,,,,,,,,,,,,, , , ,lb.,,,,,,,,,,,,,,,,,,,,,,,,,
6372 200 0003,STIHL RMA510 Walk-Behind Mower,T,0,T,0,STIHL,Lawn Mowers,WALKBEHIND,T,T,T,Handheld,T,RMA 510,319.95,Battery,Tool, ,0,0,T,,,,,,,,247,,Walk-Behind Mower,AP,T,,,,,,,,,,,,,,,, , , ,lb.,,,,,,,,,,,,,,,,,,,,,,,,,
6372 200 0047,STIHL RMA510 w/AP300S Battery & AL301 Charger,T,0,T,0,STIHL,Lawn Mowers,WALKBEHIND,T,T,T,Handheld,T,RAM 510,699.99,Battery,Kit, ,0,0,T,,,,,,,,248,,Walk-Behind Mower,AP,T,,,,,,,,,,,,,,,, , , ,lb.,,,,,,,,,,,,,,,,,,,,,,,,,
6372 011 1410 US,STIHL RMA510V Walk-Behind Mower,T,0,T,0,STIHL,Lawn Mowers,WALKBEHIND,T,T,T,Handheld,T,RMA 510 V,539.99,Battery,Tool, ,0,1,T,,,,,,,,249,,Walk-Behind Mower,AP,T,,,,,,,,,,,,,,,, , , ,lb.,,,,,,,,,,,,,,,,,,,,,,,,,
6372 200 0050,STIHL RMA510V w/AP300S Battery & AL101,T,0,T,0,STIHL,Lawn Mowers,WALKBEHIND,T,T,T,Handheld,T,RMA 510 V,749.99,Battery,Kit, ,0,1,T,,,,,,,,250,,Walk-Behind Mower,AP,T,,,,,,,,,,,,,,,, , , ,lb.,,,,,,,,,,,,,,,,,,,,,,,,,
6372 200 0048,STIHL RMA510V w/AP300S Battery & AL301,T,0,T,0,STIHL,Lawn Mowers,WALKBEHIND,T,T,T,Handheld,T,RMA 510 V,799.99,Battery,Kit, ,0,1,T,,,,,,,,251,,Walk-Behind Mower,AP,T,,,,,,,,,,,,,,,, , , ,lb.,,,,,,,,,,,,,,,,,,,,,,,,,
WA72 011 1403 US,STIHL RMA7.0RV Walk-Behind Mower,T,0,T,0,STIHL,Lawn Mowers,WALKBEHIND,T,T,T,Handheld,T,RMA 7 RV,2299.99,Battery,Tool, ,0,0,T,,,,,,,,252,,Walk-Behind Mower,AP,T,,,,,,,,,,,,,,,, , , ,lb.,,,,,,,,,,,,,,,,,,,,,,,,,
WA72 211 0000 US,STIHL RMA7.0RV w/2 Each of AP500S & AL301,T,0,T,0,STIHL,Lawn Mowers,WALKBEHIND,T,T,T,Handheld,T,RMA 7 RV,2999.99,Battery,Kit, ,0,0,T,,,,,,,,253,,Walk-Behind Mower,AP,T,,,,,,,,,,,,,,,, , , ,lb.,,,,,,,,,,,,,,,,,,,,,,,,,
WA71 011 1403 US,STIHL RMA756.0V Walk-Behind Mower,T,0,T,0,STIHL,Lawn Mowers,WALKBEHIND,T,T,T,Handheld,T,RMA 756 V,0,Battery,Tool, ,0,0,T,,,,,,,,254,,Walk-Behind Mower,AP,T,,,,,,,,,,,,,,,, , , ,lb.,,,,,,,,,,,,,,,,,,,,,,,,,
WA71 211 0000 US,STIHL RMA756.0V w/2 Each of AP500S & AL301,T,0,T,0,STIHL,Lawn Mowers,WALKBEHIND,T,T,T,Handheld,T,RMA 756 V,3299.99,Battery,Kit, ,0,0,T,,,,,,,,255,,Walk-Behind Mower,AP,T,,,,,,,,,,,,,,,, , , ,lb.,,,,,,,,,,,,,,,,,,,,,,,,,
6392 011 1415 US,STIHL RMA765V Walk-Behind Mower,T,0,T,0,STIHL,Lawn Mowers,WALKBEHIND,T,T,T,Handheld,T,RMA 765 V,2469.99,Battery,Tool, ,0,0,T,,,,,,,,256,,Walk-Behind Mower,AP,T,,,,,,,,,,,,,,,, , , ,lb.,,,,,,,,,,,,,,,,,,,,,,,,,
6392 200 0022,STIHL RMA765V w/AR3000L Battery & AL501,T,0,T,0,STIHL,Lawn Mowers,WALKBEHIND,T,T,T,Handheld,T,RMA 765 V,3909.99,Battery,Kit, ,0,0,T,,,,,,,,257,,Walk-Behind Mower,AP,T,,,,,,,,,,,,,,,, , , ,lb.,,,,,,,,,,,,,,,,,,,,,,,,,
SA03 011 7301 US,STIHL SEA20.0 Vacuum,T,0,T,0,STIHL,Vauums,HANDHELD,T,T,T,Handheld,F,SEA 20,109.99,Battery,Tool, ,0,0,T,,,,,,,,260,,Vacuum,AS,T,,,,,,,,,,,,,,,, , , ,lb.,,,,,,,,,,,,,,,,,,,,,,,,,
SA03 011 7311 US,STIHL SEA20.0 w/AS2 Battery & AL1 Charger,T,0,T,0,STIHL,Vauums,HANDHELD,T,T,T,Handheld,F,SEA 20,179.99,Battery,Kit, ,1,1,T,,,,,,,,261,,Vacuum,AS,T,,,,,,,,,,,,,,,, , , ,lb.,,,,,,,,,,,,,,,,,,,,,,,,,
SA04 011 7303 US,STIHL SEA60 Wet / Dry Vacuum,T,0,T,0,STIHL,Vauums,HANDHELD,T,T,T,Handheld,F,SEA 60,239.99,Battery,Tool, ,0,0,T,,,,,,,,262,,Vacuum,AK,T,,,,,,,,,,,,,,,, , , ,lb.,,,,,,,,,,,,,,,,,,,,,,,,,
SA04 211 0000 US,STIHL SEA60 w/AK20 Battery & AL101 Charger,T,0,T,0,STIHL,Vauums,HANDHELD,T,T,T,Handheld,F,SEA 60,439.99,Battery,Kit, ,0,0,T,,,,,,,,263,,Vacuum,AK,T,,,,,,,,,,,,,,,, , , ,lb.,,,,,,,,,,,,,,,,,,,,,,,,,
SA04 011 7313 US,STIHL SEA100 Wet / Dry Vacuuum,T,0,T,0,STIHL,Vauums,HANDHELD,T,T,T,Handheld,F,SEA 100,319.99,Battery,Tool, ,0,0,T,,,,,,,,264,,Vacuum,AP,T,,,,,,,,,,,,,,,, , , ,lb.,,,,,,,,,,,,,,,,,,,,,,,,,
SA04 211 0002 US,STIHL SEA100.0 w/AP300 Battery & AL301,T,0,T,0,STIHL,Vauums,HANDHELD,T,T,T,Handheld,F,SEA 100,499.99,Battery,Kit, ,0,0,T,,,,,,,,265,,Vacuum,AP,T,,,,,,,,,,,,,,,, , , ,lb.,,,,,,,,,,,,,,,,,,,,,,,,,
KA03 011 9800,STIHL SFA120 Snow Thrower,T,0,T,0,STIHL,Snow Blowers,HANDHELD,T,T,T,Handheld,F,SFA 120,0,Battery,Tool, ,0,0,T,,,,,,,,268,,Snow Blower,AP,T,,,,,,,,,,,,,,,, , , ,lb.,,,,,,,,,,,,,,,,,,,,,,,,,
KA03 211 0000 US,STIHL SFA120 w/AP200P Battery and AL301 ,T,0,T,0,STIHL,Snow Blowers,HANDHELD,T,T,T,Handheld,F,SFA 120,899.99,Battery,Kit, ,0,0,T,,,,,,,,269,,Snow Blower,AP,T,,,,,,,,,,,,,,,, , , ,lb.,,,,,,,,,,,,,,,,,,,,,,,,,
SA09 011 7011 US,STIHL SGA30.0 w/AS2 Battery & AL1 Charger,T,0,T,0,STIHL,Sprayers,HANDHELD,T,T,T,Handheld,F,SGA 30,199.99,Battery,Kit, ,0,1,T,,,,,,,,272,,Sprayer,AS,T,,,,,,,,,,,,,,,, , , ,lb.,,,,,,,,,,,,,,,,,,,,,,,,,
SA10 011 7011 US,STIHL SGA60.0 w/AK10 Battery & AL101 Charger,T,0,T,0,STIHL,Sprayers,HANDHELD,T,T,T,Handheld,F,SGA 60,309.99,Battery,Kit, ,0,1,T,,,,,,,,273,,Sprayer,AK,T,,,,,,,,,,,,,,,, , , ,lb.,,,,,,,,,,,,,,,,,,,,,,,,,
4854 011 7001 US,STIHL SGA85 Sprayer,T,0,T,0,STIHL,Sprayers,HANDHELD,T,T,T,Handheld,F,SGA 85,0,Battery,Tool, ,0,1,T,,,,,,,,274,,Sprayer,AP,T,,,,,,,,,,,,,,,, , , ,lb.,,,,,,,,,,,,,,,,,,,,,,,,,
SA02 011 7101 US,STIHL SHA56 Vacuum,T,0,T,0,STIHL,Vacuums,HANDHELD,T,T,T,Handheld,F,SHA 56,299.99,Battery,Tool, ,0,0,T,,,,,,,,280,,Shredder Vac,AK,T,,,,,,,,,,,,,,,, , , ,lb.,,,,,,,,,,,,,,,,,,,,,,,,,
SA02 200 0011,STIHL SHA56 w/AK20 Battery & AL101 Charger,T,0,T,0,STIHL,Vacuums,HANDHELD,T,T,T,Handheld,F,SHA 56,469.99,Battery,Kit, ,0,0,T,,,,,,,,281,,Shredder Vac,AK,T,,,,,,,,,,,,,,,, , , ,lb.,,,,,,,,,,,,,,,,,,,,,,,,,
SA07 011 7101 US,STIHL SHA140 Battery Shredder Vac,T,0,T,0,STIHL,Vacuums,HANDHELD,T,T,T,Handheld,F,SHA 140,359.99,Battery,Tool, ,0,0,T,,,,,,,,282,,Shredder Vac,AP,T,,,,,,,,,,,,,,,, , , ,lb.,,,,,,,,,,,,,,,,,,,,,,,,,
VA14 011 9611 US,STIHL TPA20 w/2 AS2 Batteries and AL1,T,0,T,0,STIHL,Water Tanks,HANDHELD,T,T,T,Handheld,F,TPA 20,0,Battery,Kit, ,0,0,T,,,,,,,,285,,Water Tank,AS,T,,,,,,,,,,,,,,,, , , ,lb.,,,,,,,,,,,,,,,,,,,,,,,,,
4864 011 6601 US,"STIHL TSA230 - 9"" Cutquik",T,0,T,0,STIHL,Cut-Off Saws,HANDHELD,T,T,T,Handheld,F,TSA 230,0,Battery,Tool, ,0,1,T,,,,,,,,288,,Cut-Off Saw,AP,T,,,,,,,,,,,,,,,, , , ,lb.,,,,,,,,,,,,,,,,,,,,,,,,,
4864 011 6621 US,"STIHL TSA230.1 - 9"" Cutquik",T,0,T,0,STIHL,Cut-Off Saws,HANDHELD,T,T,T,Handheld,F,TSA 230,649.99,Battery,Tool, ,0,0,T,,,,,,,,289,,Cut-Off Saw,AP,T,,,,,,,,,,,,,,,, , , ,lb.,,,,,,,,,,,,,,,,,,,,,,,,,
TA02 011 6601 US,"STIHL TSA300 - 12"" Cutquik",T,0,T,0,STIHL,Cut-Off Saws,HANDHELD,T,T,T,Handheld,F,TSA 300,959.99,Battery,Tool, ,0,0,T,,,,,,,,290,,Cut-Off Saw,AP,T,,,,,,,,,,,,,,,, , , ,lb.,,,,,,,,,,,,,,,,,,,,,,,,,
TA03 011 6601 US,"STIHL TSA350 - 14"" Cutquik",T,0,T,0,STIHL,Cut-Off Saws,HANDHELD,T,T,T,Handheld,F,TSA 350,0,Battery,Tool, ,0,0,T,,,,,,,,291,,Cut-Off Saw,AP,T,,,,,,,,,,,,,,,, , , ,lb.,,,,,,,,,,,,,,,,,,,,,,,,,
TA01 011 6601 US,"STIHL TSA500 - 14"" Cutquik",T,0,T,0,STIHL,Cut-Off Saws,HANDHELD,T,T,T,Handheld,F,TSA 500,0,Battery,Tool, ,0,0,T,,,,,,,,292,,Cut-Off Saw,AP,T,,,,,,,,,,,,,,,, , , ,lb.,,,,,,,,,,,,,,,,,,,,,,,,,
SA09 011 8511 US,STIHL WSA40.0 w/AS2 Battery & AL1 Charger,T,0,T,0,STIHL,Water Tanks,HANDHELD,T,T,T,Handheld,F,WSA 40,209.99,Battery,Kit, ,0,0,T,,,,,,,,295,,Water Tank,AS,T,,,,,,,,,,,,,,,, , , ,lb.,,,,,,,,,,,,,,,,,,,,,,,,,
4229 011 1722 US,STIHL BG50 Hand-Held Blower,T,0,T,0,STIHL,Blowers,HANDHELD,T,T,T,Handheld,F,BG 50,179.99,Gas,Tool, ,0,1,T,,,,,,,,298,,Handheld Blower,Gas,T,,,,,,,,,,,,,,,, , , ,lb.,Engine,27.2 cc / 1.7 cu. in.,Mechanical Power,0.7 kW,Power Output,0.9 bhp,Max. Air Velocity,159 mph,Air Volume,412 cfm,Blowing Force,13 Newtons,Sound Level,70 dB(A),,,,,,,,,,,
4241 011 1755 US,STIHL BG56C-E Hand-Held Blower,T,0,T,0,STIHL,Blowers,HANDHELD,T,T,T,Handheld,F,BG 56 C-E,239.99,Gas,Tool, ,0,1,T,,,,,,,,299,,Handheld Blower,Gas,T,,,,,,,,,,,,,,,, , , ,lb.,Engine,27.2 cc / 1.7 cu. in.,Mechanical Power,0.7 kW,Power Output,0.9 bhp,Max. Air Velocity,159 mph,Air Volume,412 cfm,Blowing Force,13 Newtons,Sound Level,70 dB(A),,,,,,,,,,,
4241 011 1763 US,STIHL BG86 Hand-Held Blower,T,0,T,0,STIHL,Blowers,HANDHELD,T,T,T,Handheld,F,BG 86,329.99,Gas,Tool, ,1,1,T,,,,,,,,300,,Handheld Blower,Gas,T,,,,,,,,,,,,,,,, , , ,lb.,Engine,27.2 cc / 1.7 cu. in.,Mechanical Power,0.8 kW,Power Output,1.1 bhp,Max. Air Velocity,199 mph,Air Volume,444 cfm,Blowing Force,15 Newtons,Sound Level,70 dB(A),,,,,,,,,,,
4241 011 1764 US,STIHL BG86C-E Hand-Held Blower,T,0,T,0,STIHL,Blowers,HANDHELD,T,T,T,Handheld,F,BG 86 C-E,349.99,Gas,Tool, ,0,1,T,,,,,,,,301,,Handheld Blower,Gas,T,,,,,,,,,,,,,,,, , , ,lb.,Engine,27.2 cc / 1.7 cu. in.,Mechanical Power,0.8 kW,Power Output,1.1 bhp,Max. Air Velocity,199 mph,Air Volume,444 cfm,Blowing Force,15 Newtons,Sound Level,70 dB(A),,,,,,,,,,,
4241 011 1606 US,STIHL BR200 Back-Pack Blower,T,0,T,0,STIHL,Blowers,HANDHELD,T,T,T,Handheld,F,BR 200,409.99,Gas,Tool, ,0,1,T,,,,,,,,304,,Backpack Blower,Gas,T,,,,,,,,,,,,,,,, , , ,lb.,Engine,27.2 cc / 1.7 cu. in.,Mechanical Power,0.8 kW,Power Output,1.1 bhp,Max. Air Velocity,150 mph,Air Volume,400 cfm,Blowing Force,12 Newtons,Sound Level,70 dB(A),,,,,,,,,,,
4244 011 1621 US,STIHL BR430 Back-Pack Blower,T,0,T,0,STIHL,Blowers,HANDHELD,T,T,T,Handheld,F,BR 430,449.99,Gas,Tool, ,1,1,T,,,,,,,,306,,Backpack Blower,Gas,T,,,,,,,,,,,,,,,, , , ,lb.,Engine,63.3 cc / 3.9 cu. in.,Mechanical Power,2.9 kW,Power Output,3.9 bhp,Max. Air Velocity,219 mph,Air Volume,500 cfm,Blowing Force,26 Newtons,Sound Level,76 dB(A),,,,,,,,,,,
4244 011 1634 US,STIHL BR450 Back-Pack Blower,T,0,T,0,STIHL,Blowers,HANDHELD,T,T,T,Handheld,F,BR 450,549.99,Gas,Tool, ,0,0,T,,,,,,,,307,,Backpack Blower,Gas,T,,,,,,,,,,,,,,,, , , ,lb.,Engine,63.3 cc / 3.9 cu. in.,Mechanical Power,2.9 kW,Power Output,3.9 bhp,Max. Air Velocity,222 mph,Air Volume,642 cfm,Blowing Force,28 Newtons,Sound Level,77 dB(A),,,,,,,,,,,
4282 011 1632 US,STIHL BR600 Back-Pack Blower,T,0,T,0,STIHL,Blowers,HANDHELD,T,T,T,Handheld,F,BR 600,549.99,Gas,Tool, ,1,1,T,,,,,,,,308,,Backpack Blower,Gas,T,,,,,,,,,,,,,,,, , , ,lb.,Engine,64.8 cc / 4.0 cu. In.,Mechanical Power,2.8 kW,Power Output,3.8 bhp,Max. Air Velocity,237 mph,Air Volume,686 cfm,Blowing Force,32 Newtons,Sound Level,75 dB(A),,,,,,,,,,,
4282 011 1638 US,STIHL BR700 Back-Pack Blower,T,0,T,0,STIHL,Blowers,HANDHELD,T,T,T,Handheld,F,BR 700,729.99,Gas,Tool, ,0,0,T,,,,,,,,310,,Backpack Blower,Gas,T,,,,,,,,,,,,,,,, , , ,lb.,Engine,64.8 cc / 4.0 cu. In.,Mechanical Power,2.8 kW,Power Output,3.8 bhp,Max. Air Velocity,196 mph,Air Volume,912 cfm,Blowing Force,35 Newtons,Sound Level,75 dB(A),,,,,,,,,,,
4283 011 1610 US,STIHL BR800X Back-Pack Blower,T,0,T,0,STIHL,Blowers,HANDHELD,T,T,T,Handheld,F,BR 800 X,649.99,Gas,Tool,STIHL BR800X Fall Leaf Blower Sale,1,1,T,,,,2026-12-31,599.99,2026-08-01,,311,,Backpack Blower,Gas,T,,,,,,,,,,,,,,,, , , ,lb.,Engine,79.9 cc / 4.9 cu. In.,Mechanical Power,3.2 kW,Power Output,4.4 bhp,Max. Air Velocity,239 mph,Air Volume,912 cfm,Blowing Force,41 Newtons,Sound Level,77 dB(A),,,,,,,,,,,
4283 011 1600 US,STIHL BR800C-E Back-Pack Blower,T,0,T,0,STIHL,Blowers,HANDHELD,T,T,T,Handheld,F,BR 800 C-E,749.99,Gas,Tool,STIHL BR800C Fall Leaf Blower Sale,0,1,T,,,,2026-12-31,699.99,2026-08-01,,312,,Backpack Blower,Gas,T,,,,,,,,,,,,,,,, , , ,lb.,Engine,79.9 cc / 4.9 cu. In.,Mechanical Power,3.2 kW,Power Output,4.4 bhp,Max. Air Velocity,239 mph,Air Volume,912 cfm,Blowing Force,41 Newtons,Sound Level,77 dB(A),,,,,,,,,,,
4314 200 0004 US,STIHL BT45 Earth Auger Drill,T,0,T,0,STIHL,Drills,HANDHELD,T,T,T,Handheld,F,BT 45,639.99,Gas,Tool, ,0,0,T,,,,,,,,315,,Drill,Gas,T,,,,,,,,,,,,,,,, , , ,lb.,,,,,,,,,,,,,,,,,,,,,,,,,
4314 200 0003 US,STIHL BT45 Wood Boring Drill,T,0,T,0,STIHL,Drills,HANDHELD,T,T,T,Handheld,F,BT 45,639.99,Gas,Tool, ,0,0,T,,,,,,,,316,,Drill,Gas,T,,,,,,,,,,,,,,,, , , ,lb.,,,,,,,,,,,,,,,,,,,,,,,,,
4313 011 2121 US,STIHL BT131 Earth Auger,T,0,T,0,STIHL,Augers,HANDHELD,T,T,T,Handheld,F,BT 131,929.99,Gas,Tool, ,0,0,T,,,,,,,,317,,Auger,Gas,T,,,,,,,,,,,,,,,, , , ,lb.,,,,,,,,,,,,,,,,,,,,,,,,,
4144 011 1908 US,STIHL FC56C-E Lawn Edger,T,0,T,0,STIHL,Edgers,HANDHELD,T,T,T,Handheld,F,FC 56 C-E,329.99,Gas,Tool, ,0,0,T,,,,,,,,320,,Stick Edger,Gas,T,,,,,,,,,,,,,,,, , , ,lb.,,,,,,,,,,,,,,,,,,,,,,,,,
4144 011 1910 US,STIHL FC70 Lawn Edger,T,0,T,0,STIHL,Edgers,HANDHELD,T,T,T,Handheld,F,FC 70,439.99,Gas,Tool, ,0,0,T,,,,,,,,321,,Stick Edger,Gas,T,,,,,,,,,,,,,,,, , , ,lb.,,,,,,,,,,,,,,,,,,,,,,,,,
4180 011 1913 US,STIHL FC91 Lawn Edger,T,0,T,0,STIHL,Edgers,HANDHELD,T,T,T,Handheld,F,FC 91,429.99,Gas,Tool, ,0,0,T,,,,,,,,322,,Stick Edger,Gas,T,,,,,,,,,,,,,,,, , , ,lb.,,,,,,,,,,,,,,,,,,,,,,,,,
4180 011 1914 US,STIHL FC96 Lawn Edger,T,0,T,0,STIHL,Edgers,HANDHELD,T,T,T,Handheld,F,FC 96,599.99,Gas,Tool, ,0,0,T,,,,,,,,323,,Stick Edger,Gas,T,,,,,,,,,,,,,,,, , , ,lb.,,,,,,,,,,,,,,,,,,,,,,,,,
4180 011 1915 US,STIHL FC111 Lawn Edger,T,0,T,0,STIHL,Edgers,HANDHELD,T,T,T,Handheld,F,FC 111,679.99,Gas,Tool, ,0,0,T,,,,,,,,324,,Stick Edger,Gas,T,,,,,,,,,,,,,,,, , , ,lb.,,,,,,,,,,,,,,,,,,,,,,,,,
4140 012 2368 US,STIHL FS38 Trimmer,T,0,T,0,STIHL,Trimmers,HANDHELD,T,T,T,Handheld,F,FS 38,219.99,Gas,Tool, ,0,0,T,,,,,,,,327,,String Trimmer,Gas,T,,,,,,,,,,,,,,,, , , ,lb.,,,,,,,,,,,,,,,,,,,,,,,,,
4144 011 2307 US,STIHL FS40C-E Trimmer,T,0,T,0,STIHL,Trimmers,HANDHELD,T,T,T,Handheld,F,FS 40 C-E,229.99,Gas,Tool, ,0,0,T,,,,,,,,328,,String Trimmer,Gas,T,,,,,,,,,,,,,,,, , , ,lb.,,,,,,,,,,,,,,,,,,,,,,,,,
4144 011 2349 US,STIHL FS50C-E Trimmer,T,0,T,0,STIHL,Trimmers,HANDHELD,T,T,T,Handheld,F,FS 50 C-E,289.99,Gas,Tool, ,0,0,T,,,,,,,,329,,String Trimmer,Gas,T,,,,,,,,,,,,,,,, , , ,lb.,,,,,,,,,,,,,,,,,,,,,,,,,
4144 200 0013 US,STIHL FS56RC-E Trimmer ,T,0,T,0,STIHL,Trimmers,HANDHELD,T,T,T,Handheld,F,FS 56 RC-E,259.99,Gas,Tool, ,1,1,T,,,,,,,,330,,String Trimmer,Gas,T,,,,,,,,,,,,,,,, , , ,lb.,,,,,,,,,,,,,,,,,,,,,,,,,
4144 200 0219 US,STIHL FS56C-E Trimmer ,T,0,T,0,STIHL,Trimmers,HANDHELD,T,T,T,Handheld,F,FS 56 C-E,349.99,Gas,Tool, ,0,0,T,,,,,,,,331,,String Trimmer,Gas,T,,,,,,,,,,,,,,,, , , ,lb.,,,,,,,,,,,,,,,,,,,,,,,,,
4144 200 0137 US,STIHL FS70R Trimmer,T,0,T,0,STIHL,Trimmers,HANDHELD,T,T,T,Handheld,F,FS 70 R,359.99,Gas,Tool, ,0,1,T,,,,,,,,332,,String Trimmer,Gas,T,,,,,,,,,,,,,,,, , , ,lb.,,,,,,,,,,,,,,,,,,,,,,,,,
4180 200 0506 US,STIHL FS91R Trimmer ,T,0,T,0,STIHL,Trimmers,HANDHELD,T,T,T,Handheld,F,FS 91 R,379.99,Gas,Tool, ,1,1,T,,,,,,,,333,,String Trimmer,Gas,T,,,,,,,,,,,,,,,, , , ,lb.,,,,,,,,,,,,,,,,,,,,,,,,,
4180 200 0507 US,STIHL FS91 Trimmer ,T,0,T,0,STIHL,Trimmers,HANDHELD,T,T,T,Handheld,F,FS 91,0,Gas,Tool, ,0,0,T,,,,,,,,334,,Brushcutter,Gas,T,,,,,,,,,,,,,,,, , , ,lb.,,,,,,,,,,,,,,,,,,,,,,,,,
4149 200 0061 US,STIHL FS94R Trimmer,T,0,T,0,STIHL,Trimmers,HANDHELD,T,T,T,Handheld,F,FS 94 R,429.99,Gas,Tool, ,0,0,T,,,,,,,,335,,String Trimmer,Gas,T,,,,,,,,,,,,,,,, , , ,lb.,,,,,,,,,,,,,,,,,,,,,,,,,
4180 200 0510 US,STIHL FS111RX Trimmer ,T,0,T,0,STIHL,Trimmers,HANDHELD,T,T,T,Handheld,F,FS 111 RX,519.99,Gas,Tool, ,0,0,T,,,,,,,,336,,String Trimmer,Gas,T,,,,,,,,,,,,,,,, , , ,lb.,,,,,,,,,,,,,,,,,,,,,,,,,
4180 200 0509 US,STIHL FS111R Trimmer ,T,0,T,0,STIHL,Trimmers,HANDHELD,T,T,T,Handheld,F,FS 111 R,519.99,Gas,Tool, ,1,0,T,,,,,,,,337,,String Trimmer,Gas,T,,,,,,,,,,,,,,,, , , ,lb.,,,,,,,,,,,,,,,,,,,,,,,,,
4180 200 0511 US,STIHL FS131R Trimmer ,T,0,T,0,STIHL,Trimmers,HANDHELD,T,T,T,Handheld,F,FS 131 R,0,Gas,Tool, ,0,1,T,,,,,,,,338,,String Trimmer,Gas,T,,,,,,,,,,,,,,,, , , ,lb.,,,,,,,,,,,,,,,,,,,,,,,,,
4180 200 0777 US,STIHL FS131.0R-Z,T,0,T,0,STIHL,Trimmers,HANDHELD,T,T,T,Handheld,F,FS 131 R,569.99,Gas,Tool, ,0,0,T,,,,,,,,339,,String Trimmer,Gas,T,,,,,,,,,,,,,,,, , , ,lb.,,,,,,,,,,,,,,,,,,,,,,,,,
4180 200 0512 US,STIHL FS131 Trimmer ,T,0,T,0,STIHL,Trimmers,HANDHELD,T,T,T,Handheld,F,FS 131,0,Gas,Tool, ,0,0,T,,,,,,,,340,,Brushcutter,Gas,T,,,,,,,,,,,,,,,, , , ,lb.,,,,,,,,,,,,,,,,,,,,,,,,,
4147 200 0578 US,STIHL FS251R Trimmer ,T,0,T,0,STIHL,Trimmers,HANDHELD,T,T,T,Handheld,F,FS 251 R,0,Gas,Tool, ,0,0,T,,,,,,,,341,,String Trimmer,Gas,T,,,,,,,,,,,,,,,, , , ,lb.,,,,,,,,,,,,,,,,,,,,,,,,,
4147 200 0579 US,STIHL FS251 Brushcutter ,T,0,T,0,STIHL,Trimmers,HANDHELD,T,T,T,Handheld,F,FS 251,0,Gas,Tool, ,0,0,T,,,,,,,,342,,Brushcutter,Gas,T,,,,,,,,,,,,,,,, , , ,lb.,,,,,,,,,,,,,,,,,,,,,,,,,
4147 200 0612 US,STIHL FS361.0C-EM Brushcutter ,T,0,T,0,STIHL,Trimmers,HANDHELD,T,T,T,Handheld,F,FS 361 C-EM,0,Gas,Tool, ,0,0,T,,,,,,,,343,,Brushcutter,Gas,T,,,,,,,,,,,,,,,, , , ,lb.,,,,,,,,,,,,,,,,,,,,,,,,,
4147 200 0611 US,STIHL FS361.0C-EM,T,0,T,0,STIHL,Trimmers,HANDHELD,T,T,T,Handheld,F,FS 361 C-EM,0,Gas,Tool, ,0,0,T,,,,,,,,344,,Brushcutter,Gas,T,,,,,,,,,,,,,,,, , , ,lb.,,,,,,,,,,,,,,,,,,,,,,,,,
4147 200 0645 US,STIHL FS461.0C-EM Brushcutter ,T,0,T,0,STIHL,Trimmers,HANDHELD,T,T,T,Handheld,F,FS 461 C-EM,1609.99,Gas,Tool, ,0,0,T,,,,,,,,345,,Brushcutter,Gas,T,,,,,,,,,,,,,,,, , , ,lb.,,,,,,,,,,,,,,,,,,,,,,,,,
4147 200 0646 US,STIHL FS461.0C-EM Brushcutter ,T,0,T,0,STIHL,Trimmers,HANDHELD,T,T,T,Handheld,F,FS 461 C-EM,1559.99,Gas,Tool, ,0,0,T,,,,,,,,346,,Brushcutter,Gas,T,,,,,,,,,,,,,,,, , , ,lb.,,,,,,,,,,,,,,,,,,,,,,,,,
4148 200 0225 US,STIHL FS561.0C-EM Brushcutter ,T,0,T,0,STIHL,Trimmers,HANDHELD,T,T,T,Handheld,F,FS 561 C-EM,1899.99,Gas,Tool, ,0,0,T,,,,,,,,347,,Brushcutter,Gas,T,,,,,,,,,,,,,,,, , , ,lb.,,,,,,,,,,,,,,,,,,,,,,,,,
4252 200 0065,"STIHL GS461 RockBoss w/16"" (36GBE)",T,0,T,0,STIHL,Concrete Saws,HANDHELD,T,T,T,Handheld,F,GS 461,2719.99,Gas,Tool, ,0,0,T,,,,,,,,350,,Concrete Saw,Gas,T,,,,,,,,,,,,,,,, , , ,lb.,,,,,,,,,,,,,,,,,,,,,,,,,
4252 200 0050,"STIHL GS461 RockBoss w/16"" (36GBM)",T,0,T,0,STIHL,Concrete Saws,HANDHELD,T,T,T,Handheld,F,GS 461,2819.99,Gas,Tool, ,0,0,T,,,,,,,,351,,Concrete Saw,Gas,T,,,,,,,,,,,,,,,, , , ,lb.,,,,,,,,,,,,,,,,,,,,,,,,,
4252 200 0035,"STIHL GS461 RockBoss w/18"" (36GGM)",T,0,T,0,STIHL,Concrete Saws,HANDHELD,T,T,T,Handheld,F,GS 461,2849.99,Gas,Tool, ,0,0,T,,,,,,,,352,,Concrete Saw,Gas,T,,,,,,,,,,,,,,,, , , ,lb.,,,,,,,,,,,,,,,,,,,,,,,,,
4236 200 0000 US,STIHL HL56K Hedge Trimmer,T,0,T,0,STIHL,Hedge Trimmers,HANDHELD,T,T,T,Handheld,F,HL 56K,489.99,Gas,Tool, ,0,0,T,,,,,,,,355,,Extended-Reach Hedge Trimmer,Gas,T,,,,,,,,,,,,,,,, , , ,lb.,,,,,,,,,,,,,,,,,,,,,,,,,
4243 200 0020 US,STIHL HL91K Hedge Trimmer,T,0,T,0,STIHL,Hedge Trimmers,HANDHELD,T,T,T,Handheld,F,HL 91 K,599.99,Gas,Tool, ,0,0,T,,,,,,,,356,,Extended-Reach Hedge Trimmer,Gas,T,,,,,,,,,,,,,,,, , , ,lb.,,,,,,,,,,,,,,,,,,,,,,,,,
4243 200 0018 US,STIHL HL94K Hedge Trimmer,T,0,T,0,STIHL,Hedge Trimmers,HANDHELD,T,T,T,Handheld,F,HL 94 K,659.99,Gas,Tool, ,0,0,T,,,,,,,,357,,Extended-Reach Hedge Trimmer,Gas,T,,,,,,,,,,,,,,,, , , ,lb.,,,,,,,,,,,,,,,,,,,,,,,,,
4243 200 0017 US,STIHL HL94K Hedge Trimmer,T,0,T,0,STIHL,Hedge Trimmers,HANDHELD,T,T,T,Handheld,F,HL 94 K,679.99,Gas,Tool, ,0,0,T,,,,,,,,358,,Extended-Reach Hedge Trimmer,Gas,T,,,,,,,,,,,,,,,, , , ,lb.,,,,,,,,,,,,,,,,,,,,,,,,,
4243 200 0025 US,STIHL HL94 Hedge Trimmer,T,0,T,0,STIHL,Hedge Trimmers,HANDHELD,T,T,T,Handheld,F,HL 94,699.99,Gas,Tool, ,0,0,T,,,,,,,,359,,Extended-Reach Hedge Trimmer,Gas,T,,,,,,,,,,,,,,,, , , ,lb.,,,,,,,,,,,,,,,,,,,,,,,,,
4228 011 2944 US,"STIHL HS45 - 18"" Hedge Trimmer",T,0,T,0,STIHL,Hedge Trimmers,HANDHELD,T,T,T,Handheld,F,HS 45,359.99,Gas,Tool, ,1,0,T,,,,,,,,362,,Hedge Trimmer,Gas,T,,,,,,,,,,,,,,,, , , ,lb.,,,,,,,,,,,,,,,,,,,,,,,,,
4242 011 2906 US,"STIHL HS46C-E - 22"" Hedge Trimmer",T,0,T,0,STIHL,Hedge Trimmers,HANDHELD,T,T,T,Handheld,F,HS 46 C-E,509.99,Gas,Tool, ,0,0,T,,,,,,,,363,,Hedge Trimmer,Gas,T,,,,,,,,,,,,,,,, , , ,lb.,,,,,,,,,,,,,,,,,,,,,,,,,
4242 011 2908 US,"STIHL HS56 - 24"" Hedge Trimmer",T,0,T,0,STIHL,Hedge Trimmers,HANDHELD,T,T,T,Handheld,F,HS 56,529.99,Gas,Tool, ,1,1,T,,,,,,,,364,,Hedge Trimmer,Gas,T,,,,,,,,,,,,,,,, , , ,lb.,,,,,,,,,,,,,,,,,,,,,,,,,
4237 011 2980 US,"STIHL HS82R - 24"" Hedge Trimmer",T,0,T,0,STIHL,Hedge Trimmers,HANDHELD,T,T,T,Handheld,F,HS 82 R,719.99,Gas,Tool, ,0,0,T,,,,,,,,365,,Hedge Trimmer,Gas,T,,,,,,,,,,,,,,,, , , ,lb.,,,,,,,,,,,,,,,,,,,,,,,,,
4237 011 2981 US,"STIHL HS82R - 30"" Hedge Trimmer",T,0,T,0,STIHL,Hedge Trimmers,HANDHELD,T,T,T,Handheld,F,HS 82 R,729.99,Gas,Tool, ,0,0,T,,,,,,,,366,,Hedge Trimmer,Gas,T,,,,,,,,,,,,,,,, , , ,lb.,,,,,,,,,,,,,,,,,,,,,,,,,
4237 011 2987 US,"STIHL HS82T - 24"" Hedge Trimmer",T,0,T,0,STIHL,Hedge Trimmers,HANDHELD,T,T,T,Handheld,F,HS 82 T,719.99,Gas,Tool, ,0,1,T,,,,,,,,367,,Hedge Trimmer,Gas,T,,,,,,,,,,,,,,,, , , ,lb.,,,,,,,,,,,,,,,,,,,,,,,,,
4237 011 2988 US,"STIHL HS82T - 30"" Hedge Trimmer",T,0,T,0,STIHL,Hedge Trimmers,HANDHELD,T,T,T,Handheld,F,HS 82 T,779.99,Gas,Tool, ,0,0,T,,,,,,,,368,,Hedge Trimmer,Gas,T,,,,,,,,,,,,,,,, , , ,lb.,,,,,,,,,,,,,,,,,,,,,,,,,
4237 011 2992 US,"STIHL HS87R - 30"" Hedge Trimmer",T,0,T,0,STIHL,Hedge Trimmers,HANDHELD,T,T,T,Handheld,F,HS 87 R,779.99,Gas,Tool, ,0,0,T,,,,,,,,369,,Hedge Trimmer,Gas,T,,,,,,,,,,,,,,,, , , ,lb.,,,,,,,,,,,,,,,,,,,,,,,,,
4237 011 2997 US,"STIHL HS87T - 30"" Hedge Trimmer",T,0,T,0,STIHL,Hedge Trimmers,HANDHELD,T,T,T,Handheld,F,HS 87 T,779.99,Gas,Tool, ,0,0,T,,,,,,,,370,,Hedge Trimmer,Gas,T,,,,,,,,,,,,,,,, , , ,lb.,,,,,,,,,,,,,,,,,,,,,,,,,
4237 011 2998 US,"STIHL HS87T - 40"" Hedge Trimmer",T,0,T,0,STIHL,Hedge Trimmers,HANDHELD,T,T,T,Handheld,F,HS 87 T,789.99,Gas,Tool, ,0,0,T,,,,,,,,371,,Hedge Trimmer,Gas,T,,,,,,,,,,,,,,,, , , ,lb.,,,,,,,,,,,,,,,,,,,,,,,,,
4139 200 0011 US,STIHL HT56C-E Pole Pruner,T,0,T,0,STIHL,Pole Pruners,HANDHELD,T,T,T,Handheld,F,HT 56 C-E,489.99,Gas,Tool, ,0,0,T,,,,,,,,374,,Pole Pruner,Gas,T,,,,,,,,,,,,,,,, , , ,lb.,,,,,,,,,,,,,,,,,,,,,,,,,
4182 200 0195 US,"STIHL HT105 Pole Pruner w/12""",T,0,T,0,STIHL,Pole Pruners,HANDHELD,T,T,T,Handheld,F,HS 105,839.99,Gas,Tool, ,0,0,T,,,,,,,,375,,Pole Pruner,Gas,T,,,,,,,,,,,,,,,, , , ,lb.,,,,,,,,,,,,,,,,,,,,,,,,,
4182 200 0196 US,"STIHL HT134 Pole Pruner w/14""",T,0,T,0,STIHL,Pole Pruners,HANDHELD,T,T,T,Handheld,F,HT 134,729.99,Gas,Tool, ,0,0,T,,,,,,,,376,,Pole Pruner,Gas,T,,,,,,,,,,,,,,,, , , ,lb.,,,,,,,,,,,,,,,,,,,,,,,,,
4182 200 0201 US,"STIHL HT135 Pole Pruner w/14""",T,0,T,0,STIHL,Pole Pruners,HANDHELD,T,T,T,Handheld,F,HT 135,799.99,Gas,Tool, ,0,1,T,,,,,,,,377,,Pole Pruner,Gas,T,,,,,,,,,,,,,,,, , , ,lb.,,,,,,,,,,,,,,,,,,,,,,,,,
4134 200 0457 US,"STIHL HT250 Pole Pruner w/14""",T,0,T,0,STIHL,Pole Pruners,HANDHELD,T,T,T,Handheld,F,HT 250,869.99,Gas,Tool, ,0,0,T,,,,,,,,378,,Pole Pruner,Gas,T,,,,,,,,,,,,,,,, , , ,lb.,,,,,,,,,,,,,,,,,,,,,,,,,
4144 200 0017 US,STIHL KM56RC-E KombiSystem ,T,0,T,0,STIHL,KombiSystem,HANDHELD,T,T,T,Handheld,F,KM 56 RC-E,269.99,Gas,Tool, ,1,1,T,,,,,,,,381,,KombiMotor,KombiSystem,T,,,,,,,,,,,,,,,, , , ,lb.,,,,,,,,,,,,,,,,,,,,,,,,,
4180 200 0503 US,STIHL KM91R KombiSystem ,T,0,T,0,STIHL,KombiSystem,HANDHELD,T,T,T,Handheld,F,KM 91 R,429.99,Gas,Tool, ,1,1,T,,,,,,,,382,,KombiMotor,KombiSystem,T,,,,,,,,,,,,,,,, , , ,lb.,,,,,,,,,,,,,,,,,,,,,,,,,
4149 200 0062 US,STIHL KM94R KombiSystem ,T,0,T,0,STIHL,KombiSystem,HANDHELD,T,T,T,Handheld,F,KM 94 R,469.99,Gas,Tool, ,0,0,T,,,,,,,,383,,KombiMotor,KombiSystem,T,,,,,,,,,,,,,,,, , , ,lb.,,,,,,,,,,,,,,,,,,,,,,,,,
4180 200 0505 US,STIHL KM131R KombiSystem ,T,0,T,0,STIHL,KombiSystem,HANDHELD,T,T,T,Handheld,F,KM 131 R,539.99,Gas,Tool, ,0,1,T,,,,,,,,385,,KombiMotor,KombiSystem,T,,,,,,,,,,,,,,,, , , ,lb.,,,,,,,,,,,,,,,,,,,,,,,,,
4604 011 5403 US,STIHL MM56C-E Yard Boss,T,0,T,0,STIHL,Tillers,HANDHELD,T,T,T,Handheld,F,MM 56 C-E,529.99,Gas,Tool, ,0,1,T,,,,,,,,388,,Yard Boss,Gas,T,,,,,,,,,,,,,,,, , , ,lb.,,,,,,,,,,,,,,,,,,,,,,,,,
4604 200 0004,STIHL MM56C-E Yard Boss w/Wheel Kit,T,0,T,0,STIHL,Tillers,HANDHELD,T,T,T,Handheld,F,MM 56 C-E,569.99,Gas,Tool, ,0,1,T,,,,,,,,389,,Yard Boss,Gas,T,,,,,,,,,,,,,,,, , , ,lb.,,,,,,,,,,,,,,,,,,,,,,,,,
4789 012 4606 US,STIHL RB200.0 High-Pressure Washer,T,0,T,0,STIHL,Pressure Washers,WALKBEHIND,T,T,T,Handheld,T,RB 200,749.99,Gas,Tool, ,0,0,T,,,,,,,,745,,Pressure Washer,Gas,T,,,,,,,,,,,,,,,, , , ,lb.,,,,,,,,,,,,,,,,,,,,,,,,,
4790 012 4600 US,STIHL RB400 Pressure Washer,T,0,T,0,STIHL,Pressure Washers,WALKBEHIND,T,T,T,Handheld,T,RB 400,979.99,Gas,Tool, ,0,0,T,,,,,,,,746,,Pressure Washer,Gas,T,,,,,,,,,,,,,,,, , , ,lb.,,,,,,,,,,,,,,,,,,,,,,,,,
4791 012 4600 US,STIHL RB600 Pressure Washer,T,0,T,0,STIHL,Pressure Washers,WALKBEHIND,T,T,T,Handheld,T,RB 600,1499.99,Gas,Tool, ,0,0,T,,,,,,,,747,,Pressure Washer,Gas,T,,,,,,,,,,,,,,,, , , ,lb.,,,,,,,,,,,,,,,,,,,,,,,,,
4792 012 4600 US,STIHL RB800 Pressure Washer,T,0,T,0,STIHL,Pressure Washers,WALKBEHIND,T,T,T,Handheld,T,RB 800,2119.99,Gas,Tool, ,0,0,T,,,,,,,,748,,Pressure Washer,Gas,T,,,,,,,,,,,,,,,, , , ,lb.,,,,,,,,,,,,,,,,,,,,,,,,,
WB42 011 3420 US,STIHL RM453.3T Lawn Mower,T,0,T,0,STIHL,Lawn Mowers,WALKBEHIND,T,T,T,Handheld,T,RM 453 T,649.99,Gas,Tool, ,0,0,T,,,,,,,,751,,Walk-Behind Mower,Gas,T,,,,,,,,,,,,,,,, , , ,lb.,,,,,,,,,,,,,,,,,,,,,,,,,
WB42 011 3431 US,STIHL RM453.3V Lawn Mower,T,0,T,0,STIHL,Lawn Mowers,WALKBEHIND,T,T,T,Handheld,T,RM 453 V,699.99,Gas,Tool, ,0,1,T,,,,,,,,752,,Walk-Behind Mower,Gas,T,,,,,,,,,,,,,,,, , , ,lb.,,,,,,,,,,,,,,,,,,,,,,,,,
WB42 011 3430 US,STIHL RM453.3V Lawn Mower,T,0,T,0,STIHL,Lawn Mowers,WALKBEHIND,T,T,T,Handheld,T,RM 453 V,699.99,Gas,Tool, ,0,1,T,,,,,,,,753,,Walk-Behind Mower,Gas,T,,,,,,,,,,,,,,,, , , ,lb.,,,,,,,,,,,,,,,,,,,,,,,,,
6374 011 3450 US,STIHL RM655.0V Lawn Mower,T,0,T,0,STIHL,Lawn Mowers,WALKBEHIND,T,T,T,Handheld,T,RM 655 V,1149.99,Gas,Tool, ,0,0,T,,,,,,,,754,,Walk-Behind Mower,Gas,T,,,,,,,,,,,,,,,, , , ,lb.,,,,,,,,,,,,,,,,,,,,,,,,,
6374 011 3451 US,STIHL RM655.1VS Lawn Mower w/BBC,T,0,T,0,STIHL,Lawn Mowers,WALKBEHIND,T,T,T,Handheld,T,RM 655 VS,1389.99,Gas,Tool, ,0,0,T,,,,,,,,755,,Walk-Behind Mower,Gas,T,,,,,,,,,,,,,,,, , , ,lb.,,,,,,,,,,,,,,,,,,,,,,,,,
6374 011 3452 US,STIHL RM655.1YS Lawn Mower,T,0,T,0,STIHL,Lawn Mowers,WALKBEHIND,T,T,T,Handheld,T,RM 655 YS,1849.99,Gas,Tool, ,0,0,T,,,,,,,,756,,Walk-Behind Mower,Gas,T,,,,,,,,,,,,,,,, , , ,lb.,,,,,,,,,,,,,,,,,,,,,,,,,
6378 011 3440 US,STIHL RM756.1YC Lawn Mower,T,0,T,0,STIHL,Lawn Mowers,WALKBEHIND,T,T,T,Handheld,T,RM 765 YC,2289.99,Gas,Tool, ,0,0,T,,,,,,,,757,,Walk-Behind Mower,Gas,T,,,,,,,,,,,,,,,, , , ,lb.,,,,,,,,,,,,,,,,,,,,,,,,,
4247 019 4902,STIHL SG20 Manual Sprayer,T,0,T,0,STIHL,Sprayers,HANDHELD,T,T,T,Handheld,F,SG 20,149.99,Manual,Tool, ,0,1,T,,,,,,,,760,,Sprayer,Manual,T,,,,,,,,,,,,,,,, , , ,lb.,,,,,,,,,,,,,,,,,,,,,,,,,
4241 011 0934 US,STIHL SH56C-E Shredder / Vacuum,T,0,T,0,STIHL,Shredder Vacs,HANDHELD,T,T,T,Handheld,F,SH 56 C-E,289.99,Gas,Tool, ,0,0,T,,,,,,,,763,,Shredder Vac,Gas,T,,,,,,,,,,,,,,,, , , ,lb.,,,,,,,,,,,,,,,,,,,,,,,,,
4241 011 0939 US,STIHL SH86C-E Shredder / Vacuum,T,0,T,0,STIHL,Shredder Vacs,HANDHELD,T,T,T,Handheld,F,SH 86 C-E,399.99,Gas,Tool, ,0,1,T,,,,,,,,764,,Shredder Vac,Gas,T,,,,,,,,,,,,,,,, , , ,lb.,,,,,,,,,,,,,,,,,,,,,,,,,
4241 011 2602 US,STIHL SR200 Back-Pack Sprayer,T,0,T,0,STIHL,Sprayers,HANDHELD,T,T,T,Handheld,F,SR 200,519.99,Gas,Tool, ,0,1,T,,,,,,,,767,,Sprayer,Gas,T,,,,,,,,,,,,,,,, , , ,lb.,,,,,,,,,,,,,,,,,,,,,,,,,
4244 011 2601 US,STIHL SR430 Back-Pack Sprayer,T,0,T,0,STIHL,Sprayers,HANDHELD,T,T,T,Handheld,F,SR 430,749.99,Gas,Tool, ,0,0,T,,,,,,,,768,,Sprayer,Gas,T,,,,,,,,,,,,,,,, , , ,lb.,,,,,,,,,,,,,,,,,,,,,,,,,
4244 011 2643 US,STIHL SR450 Back-Pack Sprayer,T,0,T,0,STIHL,Sprayers,HANDHELD,T,T,T,Handheld,F,SR 450,859.99,Gas,Tool, ,0,0,T,,,,,,,,769,,Sprayer,Gas,T,,,,,,,,,,,,,,,, , , ,lb.,,,,,,,,,,,,,,,,,,,,,,,,,
4238 011 2823 US,"STIHL TS410 - 12"" Cutquik",T,0,T,0,STIHL,Cut-Off Saws,HANDHELD,T,T,T,Handheld,F,TS 410,1449.99,Gas,Tool, ,0,0,T,,,,,,,,772,,Cut-Off Saw,Gas,T,,,,,,,,,,,,,,,, , , ,lb.,,,,,,,,,,,,,,,,,,,,,,,,,
4238 011 2821 US,"STIHL TS420 - 14"" Cutquik",T,0,T,0,STIHL,Cut-Off Saws,HANDHELD,T,T,T,Handheld,F,TS 420,1449.99,Gas,Tool, ,0,1,T,,,,,,,,773,,Cut-Off Saw,Gas,T,,,,,,,,,,,,,,,, , , ,lb.,,,,,,,,,,,,,,,,,,,,,,,,,
4238 011 2828 US,"STIHL TS440 - 14"" Cutquik",T,0,T,0,STIHL,Cut-Off Saws,HANDHELD,T,T,T,Handheld,F,TS 440,1849.99,Gas,Tool, ,0,0,T,,,,,,,,774,,Cut-Off Saw,Gas,T,,,,,,,,,,,,,,,, , , ,lb.,,,,,,,,,,,,,,,,,,,,,,,,,
4250 011 2811 US,"STIHL TS500i - 14"" Cutquik",T,0,T,0,STIHL,Cut-Off Saws,HANDHELD,T,T,T,Handheld,F,TS 500 i,2099.99,Gas,Tool, ,0,1,T,,,,,,,,775,,Cut-Off Saw,Gas,T,,,,,,,,,,,,,,,, , , ,lb.,,,,,,,,,,,,,,,,,,,,,,,,,
TB01 011 2801 US,"STIHL TS710i - 14"" Cutquik",T,0,T,0,STIHL,Cut-Off Saws,HANDHELD,T,T,T,Handheld,F,TS 710 i,2249.99,Gas,Tool, ,0,1,T,,,,,,,,776,,Cut-Off Saw,Gas,T,,,,,,,,,,,,,,,, , , ,lb.,,,,,,,,,,,,,,,,,,,,,,,,,
TB01 011 2821 US,"STIHL TS910i - 16"" Cutquik",T,0,T,0,STIHL,Cut-Off Saws,HANDHELD,T,T,T,Handheld,F,TS 910 i,2449.99,Gas,Tool, ,0,0,T,,,,,,,,777,,Cut-Off Saw,Gas,T,,,,,,,,,,,,,,,, , , ,lb.,,,,,,,,,,,,,,,,,,,,,,,,,
VB03 011 2010 US,STIHL WP300.0,T,0,T,0,STIHL,Water Pumps,HANDHELD,T,T,T,Handheld,F,WP 300,429.99,Gas,Tool, ,0,0,T,,,,,,,,780,,Water Pump,Gas,T,,,,,,,,,,,,,,,, , , ,lb.,,,,,,,,,,,,,,,,,,,,,,,,,
VB04 011 2010 US,STIHL WP600.0,T,0,T,0,STIHL,Water Pumps,HANDHELD,T,T,T,Handheld,F,WP 600,489.99,Gas,Tool, ,0,0,T,,,,,,,,781,,Water Pump,Gas,T,,,,,,,,,,,,,,,, , , ,lb.,,,,,,,,,,,,,,,,,,,,,,,,,
VB05 011 2010 US,STIHL WP900.0,T,0,T,0,STIHL,Water Pumps,HANDHELD,T,T,T,Handheld,F,WP 900,749.99,Gas,Tool, ,0,0,T,,,,,,,,782,,Water Pump,Gas,T,,,,,,,,,,,,,,,, , , ,lb.,,,,,,,,,,,,,,,,,,,,,,,,,
IA01 011 1413 US,STIHL iMow 5.0 EVO Robot Mower,T,0,T,0,STIHL,Lawn Mowers,HANDHELD,T,T,T,Handheld,F,iMow 5.0 EVO,2529.99,Battery,Tool, ,0,0,T,,,,,,,,785,,Robotic Mower,Battery,T,,,,,,,,,,,,,,,, , , ,lb.,,,,,,,,,,,,,,,,,,,,,,,,,
IA01 011 1447 US,STIHL iMow 6.0 EVO Robot Mower,T,0,T,0,STIHL,Lawn Mowers,HANDHELD,T,T,T,Handheld,F,iMow 6.0 EVO,3099.99,Battery,Tool, ,0,0,T,,,,,,,,786,,Robotic Mower,Battery,T,,,,,,,,,,,,,,,, , , ,lb.,,,,,,,,,,,,,,,,,,,,,,,,,
IA01 011 1477 US,STIHL iMow 7.0 EVO Robot Mower,T,0,T,0,STIHL,Lawn Mowers,HANDHELD,T,T,T,Handheld,F,iMow 7.0 EVO,4019.99,Battery,Tool, ,0,0,T,,,,,,,,787,,Robotic Mower,Battery,T,,,,,,,,,,,,,,,, , , ,lb.,,,,,,,,,,,,,,,,,,,,,,,,,
WB01 011 3600 US,STIHL RZ142.0 Zero-Turn Mower,T,0,T,0,STIHL,Zero-Turns,RIDING,T,T,T,Zero-Turns,T,RZ 142,4399.99,Gas,Zero-Turn Mower, ,1,1,T,2026-12-31,2026-07-17,400,,,,,854,,Zero-Turn Mower,Gas,T,,,,,,,,,,,,,,,, , , ,lb.,Engine,23 hp Briggs & Stratton,Mower Deck,"42"" Fabricated",Mowing Height,"1.5"" to 4.5""",Transaxles,Hydro-Gear ZT-2200,Top Speed,7 mph,Fuel Capacity,3 Gallons,,,,,,,,,,,,,
WB01 011 3605 US,STIHL RZ152.0 Zero-Turn Mower,T,0,T,0,STIHL,Zero-Turns,RIDING,T,T,T,Zero-Turns,T,RZ 152,5799.99,Gas,Zero-Turn Mower, ,0,0,T,2026-12-31,2026-07-17,1300,,,,,855,,Zero-Turn Mower,Gas,T,,,,,,,,,,,,,,,, , , ,lb.,Engine,25 hp Briggs & Stratton,Mower Deck,"52"" Fabricated",Mowing Height,"1.5"" to 4.5""",Transaxles,Hydro-Gear ZT-2800,Top Speed,8 mph,Fuel Capacity,3 Gallons,,,,,,,,,,,,,
WB02 011 3610 US,STIHL RZ261.0 Zero-Turn Mower,T,0,T,0,STIHL,Zero-Turns,RIDING,T,T,T,Zero-Turns,T,RZ 261,7499.99,Gas,Zero-Turn Mower, ,0,0,T,2026-12-31,2026-07-17,2000,,,,,856,,Zero-Turn Mower,Gas,T,,,,,,,,,,,,,,,, , , ,lb.,Engine,25 hp Briggs & Stratton,Mower Deck,"61"" Fabricated",Mowing Height,"1.5"" to 4.5""",Transaxles,Hydro-Gear ZT-3100,Top Speed,8.5 mph,Fuel Capacity,3 Gallons,,,,,,,,,,,,,
WB03 011 3600 US,STIHL RZ552.0 Zero-Turn Mower,T,0,T,0,STIHL,Zero-Turns,RIDING,T,T,T,Zero-Turns,T,RZ 552,9499.99,Gas,Zero-Turn Mower, ,0,0,T,,,,,,,,857,,Zero-Turn Mower,Gas,T,,,,,,,,,,,,,,,, , , ,lb.,Engine,27 hp Briggs & Stratton,Mower Deck,"52"" Fabricated",Mowing Height,"1.5"" to 5.0""",Transaxles,Hydro-Gear ZT-3400,Top Speed,10 mph,Fuel Capacity,5.5 Gallons,,,,,,,,,,,,,
WB03 011 3610 US,STIHL RZ560.0 Zero-Turn Mower,T,0,T,0,STIHL,Zero-Turns,RIDING,T,T,T,Zero-Turns,T,RZ 560,9999.99,Gas,Zero-Turn Mower, ,0,0,T,,,,,,,,858,,Zero-Turn Mower,Gas,T,,,,,,,,,,,,,,,, , , ,lb.,Engine,27 hp Briggs & Stratton,Mower Deck,"60"" Fabricated",Mowing Height,"1.5"" to 5.0""",Transaxles,Hydro-Gear ZT-3400,Top Speed,10 mph,Fuel Capacity,5.5 Gallons,,,,,,,,,,,,,
WB03 011 3611 US,STIHL RZ560.0 K Zero-Turn Mower,T,0,T,0,STIHL,Zero-Turns,RIDING,T,T,T,Zero-Turns,T,RZ 560 K,11499.99,Gas,Zero-Turn Mower, ,1,1,T,,,,,,,,859,,Zero-Turn Mower,Gas,T,,,,,,,,,,,,,,,, , , ,lb.,Engine,24 hp Kawasaki FT730V,Mower Deck,"60"" Fabricated",Mowing Height,"1.5"" to 5.0""",Transaxles,Hydro-Gear ZT-3400,Top Speed,10 mph,Fuel Capacity,5.5 Gallons,,,,,,,,,,,,,
WB04 011 3600 US,STIHL RZ752.0 i Zero-Turn Mower,T,0,T,0,STIHL,Zero-Turns,RIDING,T,T,T,Zero-Turns,T,RZ 752 i,11499.99,Gas,Zero-Turn Mower, ,0,0,T,2026-12-31,2026-07-17,1500,,,,,860,,Zero-Turn Mower,Gas,T,,,,,,,,,,,,,,,, , , ,lb.,Engine,28 hp Vanguard EFI,Mower Deck,"52"" Fabricated",Mowing Height,"1.5"" to 5.0""",Transaxles,Hydro-Gear ZT-4400,Top Speed,10 mph,Fuel Capacity,11 Gallons,,,,,,,,,,,,,
WB04 011 3607 US,STIHL RZ752.0 K Zero-Turn Mower,T,0,T,0,STIHL,Zero-Turns,RIDING,T,T,T,Zero-Turns,T,RZ 752 K,11999.99,Gas,Zero-Turn Mower, ,0,0,T,2026-12-31,2026-07-17,1500,,,,,861,,Zero-Turn Mower,Gas,T,,,,,,,,,,,,,,,, , , ,lb.,Engine,25.5 hp Kawasaki FX801V,Mower Deck,"52"" Fabricated",Mowing Height,"1.5"" to 5.0""",Transaxles,Hydro-Gear ZT-4400,Top Speed,10 mph,Fuel Capacity,11 Gallons,,,,,,,,,,,,,
WB04 011 3605 US,STIHL RZ752.0 Ki Zero-Turn Mower,T,0,T,0,STIHL,Zero-Turns,RIDING,T,T,T,Zero-Turns,T,RZ 752 Ki,11999.99,Gas,Zero-Turn Mower, ,0,0,T,2026-12-31,2026-07-17,1500,,,,,862,,Zero-Turn Mower,Gas,T,,,,,,,,,,,,,,,, , , ,lb.,Engine,26 hp Kawasaki FT730V EFI,Mower Deck,"52"" Fabricated",Mowing Height,"1.5"" to 5.0""",Transaxles,Hydro-Gear ZT-4400,Top Speed,10 mph,Fuel Capacity,11 Gallons,,,,,,,,,,,,,
WB04 011 3610 US,STIHL RZ760.0 i Zero-Turn Mower,T,0,T,0,STIHL,Zero-Turns,RIDING,T,T,T,Zero-Turns,T,RZ 760 i,13499.99,Gas,Zero-Turn Mower, ,0,0,T,,,,,,,,863,,Zero-Turn Mower,Gas,T,,,,,,,,,,,,,,,, , , ,lb.,Engine,28 hp Vanguard EFI,Mower Deck,"60"" Fabricated",Mowing Height,"1.5"" to 5.0""",Transaxles,Hydro-Gear ZT-4400,Top Speed,10 mph,Fuel Capacity,11 Gallons,,,,,,,,,,,,,
WB04 011 3615 US,STIHL RZ760.0 Ki Zero-Turn Mower,T,0,T,0,STIHL,Zero-Turns,RIDING,T,T,T,Zero-Turns,T,RZ 760 Ki,14499.99,Gas,Zero-Turn Mower, ,1,1,T,,,,,,,,864,,Zero-Turn Mower,Gas,T,,,,,,,,,,,,,,,, , , ,lb.,Engine,26 hp Kawasaki FT730V EFI,Mower Deck,"60"" Fabricated",Mowing Height,"1.5"" to 5.0""",Transaxles,Hydro-Gear ZT-4400,Top Speed,10 mph,Fuel Capacity,11 Gallons,,,,,,,,,,,,,
WB05 011 3600 US,STIHL RZ960.0 i Zero-Turn Mower,T,0,T,0,STIHL,Zero-Turns,RIDING,T,T,T,Zero-Turns,T,RZ 960 i,17999.99,Gas,Zero-Turn Mower, ,0,0,T,,,,,,,,865,,Zero-Turn Mower,Gas,T,,,,,,,,,,,,,,,, , , ,lb.,Engine,40 hp Vanguard EFI w/Oil Guard,Mower Deck,"60"" Fabricated",Mowing Height,"1.5"" to 5.0""",Transaxles,Hydro-Gear ZT-5400,Top Speed,12 mph,Fuel Capacity,11 Gallons,,,,,,,,,,,,,
WB05 011 3605 US,STIHL RZ960.0 Ki Zero-Turn Mower,T,0,T,0,STIHL,Zero-Turns,RIDING,T,T,T,Zero-Turns,T,RZ 960 Ki,18499.99,Gas,Zero-Turn Mower, ,1,1,T,,,,,,,,866,,Zero-Turn Mower,Gas,T,,,,,,,,,,,,,,,, , , ,lb.,Engine,38.5 hp Kawasaki FX1000V EFI,Mower Deck,"60"" Fabricated",Mowing Height,"1.5"" to 5.0""",Transaxles,Hydro-Gear ZT-5400,Top Speed,12 mph,Fuel Capacity,11 Gallons,,,,,,,,,,,,,
WB05 011 3610 US,STIHL RZ972.0 i Zero-Turn Mower,T,0,T,0,STIHL,Zero-Turns,RIDING,T,T,T,Zero-Turns,T,RZ 972 i,18999.99,Gas,Zero-Turn Mower, ,0,0,T,,,,,,,,867,,Zero-Turn Mower,Gas,T,,,,,,,,,,,,,,,, , , ,lb.,Engine,40 hp Vanguard EFI w/Oil Guard,Mower Deck,"72"" Fabricated ",Mowing Height,"1.5"" to 5.0""",Transaxles,Hydro-Gear ZT-5400,Top Speed,12 mph,Fuel Capacity,11 Gallons,,,,,,,,,,,,,
WB05 011 3616 US,STIHL RZ972.0 K Zero-Turn Mower,T,0,T,0,STIHL,Zero-Turns,RIDING,T,T,T,Zero-Turns,T,RZ 972 K,0,Gas,Zero-Turn Mower, ,0,0,T,,,,,,,,868,,Zero-Turn Mower,Gas,T,,,,,,,,,,,,,,,, , , ,lb.,Engine,35 hp Kawasaki FX1000V,Mower Deck,"72"" Fabricated ",Mowing Height,"1.5"" to 5.0""",Transaxles,Hydro-Gear ZT-5400,Top Speed,12 mph,Fuel Capacity,11 Gallons,,,,,,,,,,,,,
WB05 011 3615 US,STIHL RZ972.0 Ki Zero-Turn Mower,T,0,T,0,STIHL,Zero-Turns,RIDING,T,T,T,Zero-Turns,T,RZ 972 Ki,19999.99,Gas,Zero-Turn Mower, ,0,0,T,,,,,,,,869,,Zero-Turn Mower,Gas,T,,,,,,,,,,,,,,,, , , ,lb.,Engine,38.5 hp Kawasaki FX1000V EFI,Mower Deck,"72"" Fabricated ",Mowing Height,"1.5"" to 5.0""",Transaxles,Hydro-Gear ZT-5400,Top Speed,12 mph,Fuel Capacity,11 Gallons,,,,,,,,,,,,,
